dataset,fname,label,sublabel,source,Unnamed: 4,filepath,duration
a,artifact__201012172012.wav,artifact,,A,,/home/agiuser/FypProj/data/raw/DataSet1/set_a/artifact__201012172012.wav,9.0
a,artifact__201105040918.wav,artifact,,A,,/home/agiuser/FypProj/data/raw/DataSet1/set_a/artifact__201105040918.wav,9.0
a,artifact__201105041959.wav,artifact,,A,,/home/agiuser/FypProj/data/raw/DataSet1/set_a/artifact__201105041959.wav,9.0
a,artifact__201105051017.wav,artifact,,A,,/home/agiuser/FypProj/data/raw/DataSet1/set_a/artifact__201105051017.wav,9.0
a,artifact__201105060108.wav,artifact,,A,,/home/agiuser/FypProj/data/raw/DataSet1/set_a/artifact__201105060108.wav,9.0
a,artifact__201105061143.wav,artifact,,A,,/home/agiuser/FypProj/data/raw/DataSet1/set_a/artifact__201105061143.wav,9.0
a,artifact__201105190800.wav,artifact,,A,,/home/agiuser/FypProj/data/raw/DataSet1/set_a/artifact__201105190800.wav,9.0
a,artifact__201105280851.wav,artifact,,A,,/home/agiuser/FypProj/data/raw/DataSet1/set_a/artifact__201105280851.wav,9.0
a,artifact__201106010559.wav,artifact,,A,,/home/agiuser/FypProj/data/raw/DataSet1/set_a/artifact__201106010559.wav,9.0
a,artifact__201106010602.wav,artifact,,A,,/home/agiuser/FypProj/data/raw/DataSet1/set_a/artifact__201106010602.wav,9.0
a,artifact__201106021541.wav,artifact,,A,,/home/agiuser/FypProj/data/raw/DataSet1/set_a/artifact__201106021541.wav,9.0
a,artifact__201106030612.wav,artifact,,A,,/home/agiuser/FypProj/data/raw/DataSet1/set_a/artifact__201106030612.wav,9.0
a,artifact__201106031558.wav,artifact,,A,,/home/agiuser/FypProj/data/raw/DataSet1/set_a/artifact__201106031558.wav,9.0
a,artifact__201106040722.wav,artifact,,A,,/home/agiuser/FypProj/data/raw/DataSet1/set_a/artifact__201106040722.wav,9.0
a,artifact__201106040933.wav,artifact,,A,,/home/agiuser/FypProj/data/raw/DataSet1/set_a/artifact__201106040933.wav,9.0
a,artifact__201106040947.wav,artifact,,A,,/home/agiuser/FypProj/data/raw/DataSet1/set_a/artifact__201106040947.wav,9.0
a,artifact__201106041452.wav,artifact,,A,,/home/agiuser/FypProj/data/raw/DataSet1/set_a/artifact__201106041452.wav,9.0
a,artifact__201106050353.wav,artifact,,A,,/home/agiuser/FypProj/data/raw/DataSet1/set_a/artifact__201106050353.wav,9.0
a,artifact__201106061233.wav,artifact,,A,,/home/agiuser/FypProj/data/raw/DataSet1/set_a/artifact__201106061233.wav,9.0
a,artifact__201106070537.wav,artifact,,A,,/home/agiuser/FypProj/data/raw/DataSet1/set_a/artifact__201106070537.wav,9.0
a,artifact__201106070949.wav,artifact,,A,,/home/agiuser/FypProj/data/raw/DataSet1/set_a/artifact__201106070949.wav,9.0
a,artifact__201106101314.wav,artifact,,A,,/home/agiuser/FypProj/data/raw/DataSet1/set_a/artifact__201106101314.wav,9.0
a,artifact__201106101955.wav,artifact,,A,,/home/agiuser/FypProj/data/raw/DataSet1/set_a/artifact__201106101955.wav,9.0
a,artifact__201106110909.wav,artifact,,A,,/home/agiuser/FypProj/data/raw/DataSet1/set_a/artifact__201106110909.wav,9.0
a,artifact__201106111119.wav,artifact,,A,,/home/agiuser/FypProj/data/raw/DataSet1/set_a/artifact__201106111119.wav,9.0
a,artifact__201106121242.wav,artifact,,A,,/home/agiuser/FypProj/data/raw/DataSet1/set_a/artifact__201106121242.wav,9.0
a,artifact__201106121445.wav,artifact,,A,,/home/agiuser/FypProj/data/raw/DataSet1/set_a/artifact__201106121445.wav,9.0
a,artifact__201106131834.wav,artifact,,A,,/home/agiuser/FypProj/data/raw/DataSet1/set_a/artifact__201106131834.wav,9.0
a,artifact__201106131835.wav,artifact,,A,,/home/agiuser/FypProj/data/raw/DataSet1/set_a/artifact__201106131835.wav,9.0
a,artifact__201106141701.wav,artifact,,A,,/home/agiuser/FypProj/data/raw/DataSet1/set_a/artifact__201106141701.wav,9.0
a,artifact__201106161016.wav,artifact,,A,,/home/agiuser/FypProj/data/raw/DataSet1/set_a/artifact__201106161016.wav,9.0
a,artifact__201106161019.wav,artifact,,A,,/home/agiuser/FypProj/data/raw/DataSet1/set_a/artifact__201106161019.wav,9.0
a,artifact__201106161219.wav,artifact,,A,,/home/agiuser/FypProj/data/raw/DataSet1/set_a/artifact__201106161219.wav,9.0
a,artifact__201106171003.wav,artifact,,A,,/home/agiuser/FypProj/data/raw/DataSet1/set_a/artifact__201106171003.wav,9.0
a,artifact__201106190520.wav,artifact,,A,,/home/agiuser/FypProj/data/raw/DataSet1/set_a/artifact__201106190520.wav,9.0
a,artifact__201106211041.wav,artifact,,A,,/home/agiuser/FypProj/data/raw/DataSet1/set_a/artifact__201106211041.wav,9.0
a,artifact__201106211430.wav,artifact,,A,,/home/agiuser/FypProj/data/raw/DataSet1/set_a/artifact__201106211430.wav,9.0
a,artifact__201106212112.wav,artifact,,A,,/home/agiuser/FypProj/data/raw/DataSet1/set_a/artifact__201106212112.wav,9.0
a,artifact__201106220340.wav,artifact,,A,,/home/agiuser/FypProj/data/raw/DataSet1/set_a/artifact__201106220340.wav,9.0
a,artifact__201106221254.wav,artifact,,A,,/home/agiuser/FypProj/data/raw/DataSet1/set_a/artifact__201106221254.wav,9.0
a,extrahls__201101070953.wav,extrahls,,A,,/home/agiuser/FypProj/data/raw/DataSet1/set_a/extrahls__201101070953.wav,8.8840589569161
a,extrahls__201101091153.wav,extrahls,,A,,/home/agiuser/FypProj/data/raw/DataSet1/set_a/extrahls__201101091153.wav,9.0
a,extrahls__201101152255.wav,extrahls,,A,,/home/agiuser/FypProj/data/raw/DataSet1/set_a/extrahls__201101152255.wav,8.026167800453514
a,extrahls__201101160804.wav,extrahls,,A,,/home/agiuser/FypProj/data/raw/DataSet1/set_a/extrahls__201101160804.wav,7.0173922902494335
a,extrahls__201101160808.wav,extrahls,,A,,/home/agiuser/FypProj/data/raw/DataSet1/set_a/extrahls__201101160808.wav,6.167120181405895
a,extrahls__201101161027.wav,extrahls,,A,,/home/agiuser/FypProj/data/raw/DataSet1/set_a/extrahls__201101161027.wav,5.9556916099773245
a,extrahls__201101241423.wav,extrahls,,A,,/home/agiuser/FypProj/data/raw/DataSet1/set_a/extrahls__201101241423.wav,9.0
a,extrahls__201101241433.wav,extrahls,,A,,/home/agiuser/FypProj/data/raw/DataSet1/set_a/extrahls__201101241433.wav,9.0
a,extrahls__201102070251.wav,extrahls,,A,,/home/agiuser/FypProj/data/raw/DataSet1/set_a/extrahls__201102070251.wav,8.01392290249433
a,extrahls__201102071835.wav,extrahls,,A,,/home/agiuser/FypProj/data/raw/DataSet1/set_a/extrahls__201102071835.wav,7.863514739229025
a,extrahls__201102241217.wav,extrahls,,A,,/home/agiuser/FypProj/data/raw/DataSet1/set_a/extrahls__201102241217.wav,9.0
a,extrahls__201103150114.wav,extrahls,,A,,/home/agiuser/FypProj/data/raw/DataSet1/set_a/extrahls__201103150114.wav,9.0
a,extrahls__201103170134.wav,extrahls,,A,,/home/agiuser/FypProj/data/raw/DataSet1/set_a/extrahls__201103170134.wav,7.8802267573696145
a,extrahls__201103182227.wav,extrahls,,A,,/home/agiuser/FypProj/data/raw/DataSet1/set_a/extrahls__201103182227.wav,9.0
a,extrahls__201103200218.wav,extrahls,,A,,/home/agiuser/FypProj/data/raw/DataSet1/set_a/extrahls__201103200218.wav,9.0
a,extrahls__201104021355.wav,extrahls,,A,,/home/agiuser/FypProj/data/raw/DataSet1/set_a/extrahls__201104021355.wav,0.9363718820861678
a,extrahls__201104140118.wav,extrahls,,A,,/home/agiuser/FypProj/data/raw/DataSet1/set_a/extrahls__201104140118.wav,1.9473922902494332
a,extrahls__201104270458.wav,extrahls,,A,,/home/agiuser/FypProj/data/raw/DataSet1/set_a/extrahls__201104270458.wav,3.2353968253968253
a,extrahls__201104270459.wav,extrahls,,A,,/home/agiuser/FypProj/data/raw/DataSet1/set_a/extrahls__201104270459.wav,1.6452380952380952
a,murmur__201101051104.wav,murmur,,A,,/home/agiuser/FypProj/data/raw/DataSet1/set_a/murmur__201101051104.wav,8.8840589569161
a,murmur__201101051108.wav,murmur,,A,,/home/agiuser/FypProj/data/raw/DataSet1/set_a/murmur__201101051108.wav,8.8840589569161
a,murmur__201101051114.wav,murmur,,A,,/home/agiuser/FypProj/data/raw/DataSet1/set_a/murmur__201101051114.wav,8.8840589569161
a,murmur__201101180902.wav,murmur,,A,,/home/agiuser/FypProj/data/raw/DataSet1/set_a/murmur__201101180902.wav,8.034421768707483
a,murmur__201102051443.wav,murmur,,A,,/home/agiuser/FypProj/data/raw/DataSet1/set_a/murmur__201102051443.wav,6.818934240362812
a,murmur__201102052338.wav,murmur,,A,,/home/agiuser/FypProj/data/raw/DataSet1/set_a/murmur__201102052338.wav,9.0
a,murmur__201103291548.wav,murmur,,A,,/home/agiuser/FypProj/data/raw/DataSet1/set_a/murmur__201103291548.wav,7.504172335600907
a,murmur__201104021355.wav,murmur,,A,,/home/agiuser/FypProj/data/raw/DataSet1/set_a/murmur__201104021355.wav,0.9363718820861678
a,murmur__201104241315.wav,murmur,,A,,/home/agiuser/FypProj/data/raw/DataSet1/set_a/murmur__201104241315.wav,9.0
a,murmur__201104291843.wav,murmur,,A,,/home/agiuser/FypProj/data/raw/DataSet1/set_a/murmur__201104291843.wav,4.82687074829932
a,murmur__201106141148.wav,murmur,,A,,/home/agiuser/FypProj/data/raw/DataSet1/set_a/murmur__201106141148.wav,5.966575963718821
a,murmur__201108222221.wav,murmur,,A,,/home/agiuser/FypProj/data/raw/DataSet1/set_a/murmur__201108222221.wav,7.935555555555555
a,murmur__201108222223.wav,murmur,,A,,/home/agiuser/FypProj/data/raw/DataSet1/set_a/murmur__201108222223.wav,7.935555555555555
a,murmur__201108222224.wav,murmur,,A,,/home/agiuser/FypProj/data/raw/DataSet1/set_a/murmur__201108222224.wav,7.935555555555555
a,murmur__201108222226.wav,murmur,,A,,/home/agiuser/FypProj/data/raw/DataSet1/set_a/murmur__201108222226.wav,7.935555555555555
a,murmur__201108222227.wav,murmur,,A,,/home/agiuser/FypProj/data/raw/DataSet1/set_a/murmur__201108222227.wav,7.935555555555555
a,murmur__201108222231.wav,murmur,,A,,/home/agiuser/FypProj/data/raw/DataSet1/set_a/murmur__201108222231.wav,7.935555555555555
a,murmur__201108222232.wav,murmur,,A,,/home/agiuser/FypProj/data/raw/DataSet1/set_a/murmur__201108222232.wav,7.935555555555555
a,murmur__201108222233.wav,murmur,,A,,/home/agiuser/FypProj/data/raw/DataSet1/set_a/murmur__201108222233.wav,7.935555555555555
a,murmur__201108222235.wav,murmur,,A,,/home/agiuser/FypProj/data/raw/DataSet1/set_a/murmur__201108222235.wav,7.935555555555555
a,murmur__201108222236.wav,murmur,,A,,/home/agiuser/FypProj/data/raw/DataSet1/set_a/murmur__201108222236.wav,7.935555555555555
a,murmur__201108222237.wav,murmur,,A,,/home/agiuser/FypProj/data/raw/DataSet1/set_a/murmur__201108222237.wav,7.935555555555555
a,murmur__201108222238.wav,murmur,,A,,/home/agiuser/FypProj/data/raw/DataSet1/set_a/murmur__201108222238.wav,7.935555555555555
a,murmur__201108222242.wav,murmur,,A,,/home/agiuser/FypProj/data/raw/DataSet1/set_a/murmur__201108222242.wav,7.935555555555555
a,murmur__201108222243.wav,murmur,,A,,/home/agiuser/FypProj/data/raw/DataSet1/set_a/murmur__201108222243.wav,7.935555555555555
a,murmur__201108222245.wav,murmur,,A,,/home/agiuser/FypProj/data/raw/DataSet1/set_a/murmur__201108222245.wav,7.935555555555555
a,murmur__201108222246.wav,murmur,,A,,/home/agiuser/FypProj/data/raw/DataSet1/set_a/murmur__201108222246.wav,7.935555555555555
a,murmur__201108222248.wav,murmur,,A,,/home/agiuser/FypProj/data/raw/DataSet1/set_a/murmur__201108222248.wav,7.935555555555555
a,murmur__201108222251.wav,murmur,,A,,/home/agiuser/FypProj/data/raw/DataSet1/set_a/murmur__201108222251.wav,7.935555555555555
a,murmur__201108222252.wav,murmur,,A,,/home/agiuser/FypProj/data/raw/DataSet1/set_a/murmur__201108222252.wav,7.935555555555555
a,murmur__201108222253.wav,murmur,,A,,/home/agiuser/FypProj/data/raw/DataSet1/set_a/murmur__201108222253.wav,7.935555555555555
a,murmur__201108222255.wav,murmur,,A,,/home/agiuser/FypProj/data/raw/DataSet1/set_a/murmur__201108222255.wav,7.935555555555555
a,murmur__201108222256.wav,murmur,,A,,/home/agiuser/FypProj/data/raw/DataSet1/set_a/murmur__201108222256.wav,7.935555555555555
a,murmur__201108222258.wav,murmur,,A,,/home/agiuser/FypProj/data/raw/DataSet1/set_a/murmur__201108222258.wav,7.935555555555555
a,normal__201101070538.wav,normal,,A,,/home/agiuser/FypProj/data/raw/DataSet1/set_a/normal__201101070538.wav,8.8840589569161
a,normal__201101151127.wav,normal,,A,,/home/agiuser/FypProj/data/raw/DataSet1/set_a/normal__201101151127.wav,9.0
a,normal__201102081152.wav,normal,,A,,/home/agiuser/FypProj/data/raw/DataSet1/set_a/normal__201102081152.wav,7.14485260770975
a,normal__201102081321.wav,normal,,A,,/home/agiuser/FypProj/data/raw/DataSet1/set_a/normal__201102081321.wav,7.888571428571429
a,normal__201102201230.wav,normal,,A,,/home/agiuser/FypProj/data/raw/DataSet1/set_a/normal__201102201230.wav,9.0
a,normal__201102260502.wav,normal,,A,,/home/agiuser/FypProj/data/raw/DataSet1/set_a/normal__201102260502.wav,6.284126984126984
a,normal__201102270940.wav,normal,,A,,/home/agiuser/FypProj/data/raw/DataSet1/set_a/normal__201102270940.wav,9.0
a,normal__201103090635.wav,normal,,A,,/home/agiuser/FypProj/data/raw/DataSet1/set_a/normal__201103090635.wav,8.01392290249433
a,normal__201103101140.wav,normal,,A,,/home/agiuser/FypProj/data/raw/DataSet1/set_a/normal__201103101140.wav,9.0
a,normal__201103140132.wav,normal,,A,,/home/agiuser/FypProj/data/raw/DataSet1/set_a/normal__201103140132.wav,9.0
a,normal__201103140135.wav,normal,,A,,/home/agiuser/FypProj/data/raw/DataSet1/set_a/normal__201103140135.wav,7.947074829931973
a,normal__201103140822.wav,normal,,A,,/home/agiuser/FypProj/data/raw/DataSet1/set_a/normal__201103140822.wav,8.01392290249433
a,normal__201103151912.wav,normal,,A,,/home/agiuser/FypProj/data/raw/DataSet1/set_a/normal__201103151912.wav,9.0
a,normal__201103170121.wav,normal,,A,,/home/agiuser/FypProj/data/raw/DataSet1/set_a/normal__201103170121.wav,8.03063492063492
a,normal__201103221214.wav,normal,,A,,/home/agiuser/FypProj/data/raw/DataSet1/set_a/normal__201103221214.wav,3.4634240362811792
a,normal__201104122156.wav,normal,,A,,/home/agiuser/FypProj/data/raw/DataSet1/set_a/normal__201104122156.wav,9.0
a,normal__201104141251.wav,normal,,A,,/home/agiuser/FypProj/data/raw/DataSet1/set_a/normal__201104141251.wav,7.637891156462585
a,normal__201105011626.wav,normal,,A,,/home/agiuser/FypProj/data/raw/DataSet1/set_a/normal__201105011626.wav,9.0
a,normal__201105021654.wav,normal,,A,,/home/agiuser/FypProj/data/raw/DataSet1/set_a/normal__201105021654.wav,7.997210884353741
a,normal__201105021804.wav,normal,,A,,/home/agiuser/FypProj/data/raw/DataSet1/set_a/normal__201105021804.wav,9.0
a,normal__201105151450.wav,normal,,A,,/home/agiuser/FypProj/data/raw/DataSet1/set_a/normal__201105151450.wav,7.537596371882086
a,normal__201106111136.wav,normal,,A,,/home/agiuser/FypProj/data/raw/DataSet1/set_a/normal__201106111136.wav,4.963786848072562
a,normal__201106141148.wav,normal,,A,,/home/agiuser/FypProj/data/raw/DataSet1/set_a/normal__201106141148.wav,5.749297052154195
a,normal__201106151236.wav,normal,,A,,/home/agiuser/FypProj/data/raw/DataSet1/set_a/normal__201106151236.wav,7.771587301587301
a,normal__201106210943.wav,normal,,A,,/home/agiuser/FypProj/data/raw/DataSet1/set_a/normal__201106210943.wav,5.849591836734694
a,normal__201106221418.wav,normal,,A,,/home/agiuser/FypProj/data/raw/DataSet1/set_a/normal__201106221418.wav,7.002789115646259
a,normal__201106221450.wav,normal,,A,,/home/agiuser/FypProj/data/raw/DataSet1/set_a/normal__201106221450.wav,9.0
a,normal__201108011112.wav,normal,,A,,/home/agiuser/FypProj/data/raw/DataSet1/set_a/normal__201108011112.wav,7.935555555555555
a,normal__201108011114.wav,normal,,A,,/home/agiuser/FypProj/data/raw/DataSet1/set_a/normal__201108011114.wav,7.935555555555555
a,normal__201108011115.wav,normal,,A,,/home/agiuser/FypProj/data/raw/DataSet1/set_a/normal__201108011115.wav,7.935555555555555
a,normal__201108011118.wav,normal,,A,,/home/agiuser/FypProj/data/raw/DataSet1/set_a/normal__201108011118.wav,7.935555555555555
a,Aunlabelledtest__201012172010.wav,Aunlabelledtest,,A,,/home/agiuser/FypProj/data/raw/DataSet1/set_a/Aunlabelledtest__201012172010.wav,9.0
a,Aunlabelledtest__201101051105.wav,Aunlabelledtest,,A,,/home/agiuser/FypProj/data/raw/DataSet1/set_a/Aunlabelledtest__201101051105.wav,7.8859410430839
a,Aunlabelledtest__201101061552.wav,Aunlabelledtest,,A,,/home/agiuser/FypProj/data/raw/DataSet1/set_a/Aunlabelledtest__201101061552.wav,5.974920634920635
a,Aunlabelledtest__201101091156.wav,Aunlabelledtest,,A,,/home/agiuser/FypProj/data/raw/DataSet1/set_a/Aunlabelledtest__201101091156.wav,9.0
a,Aunlabelledtest__201101110659.wav,Aunlabelledtest,,A,,/home/agiuser/FypProj/data/raw/DataSet1/set_a/Aunlabelledtest__201101110659.wav,7.571020408163266
a,Aunlabelledtest__201101152256.wav,Aunlabelledtest,,A,,/home/agiuser/FypProj/data/raw/DataSet1/set_a/Aunlabelledtest__201101152256.wav,7.861201814058957
a,Aunlabelledtest__201101220549.wav,Aunlabelledtest,,A,,/home/agiuser/FypProj/data/raw/DataSet1/set_a/Aunlabelledtest__201101220549.wav,9.0
a,Aunlabelledtest__201101241434.wav,Aunlabelledtest,,A,,/home/agiuser/FypProj/data/raw/DataSet1/set_a/Aunlabelledtest__201101241434.wav,9.0
a,Aunlabelledtest__201102081033.wav,Aunlabelledtest,,A,,/home/agiuser/FypProj/data/raw/DataSet1/set_a/Aunlabelledtest__201102081033.wav,7.128140589569161
a,Aunlabelledtest__201102081045.wav,Aunlabelledtest,,A,,/home/agiuser/FypProj/data/raw/DataSet1/set_a/Aunlabelledtest__201102081045.wav,8.615600907029478
a,Aunlabelledtest__201102200848.wav,Aunlabelledtest,,A,,/home/agiuser/FypProj/data/raw/DataSet1/set_a/Aunlabelledtest__201102200848.wav,7.9721541950113375
a,Aunlabelledtest__201103011036.wav,Aunlabelledtest,,A,,/home/agiuser/FypProj/data/raw/DataSet1/set_a/Aunlabelledtest__201103011036.wav,9.0
a,Aunlabelledtest__201103140236.wav,Aunlabelledtest,,A,,/home/agiuser/FypProj/data/raw/DataSet1/set_a/Aunlabelledtest__201103140236.wav,9.0
a,Aunlabelledtest__201103170122.wav,Aunlabelledtest,,A,,/home/agiuser/FypProj/data/raw/DataSet1/set_a/Aunlabelledtest__201103170122.wav,8.615600907029478
a,Aunlabelledtest__201103200518.wav,Aunlabelledtest,,A,,/home/agiuser/FypProj/data/raw/DataSet1/set_a/Aunlabelledtest__201103200518.wav,8.56546485260771
a,Aunlabelledtest__201103201314.wav,Aunlabelledtest,,A,,/home/agiuser/FypProj/data/raw/DataSet1/set_a/Aunlabelledtest__201103201314.wav,1.754875283446712
a,Aunlabelledtest__201103232251.wav,Aunlabelledtest,,A,,/home/agiuser/FypProj/data/raw/DataSet1/set_a/Aunlabelledtest__201103232251.wav,9.0
a,Aunlabelledtest__201103241336.wav,Aunlabelledtest,,A,,/home/agiuser/FypProj/data/raw/DataSet1/set_a/Aunlabelledtest__201103241336.wav,7.921995464852608
a,Aunlabelledtest__201104012144.wav,Aunlabelledtest,,A,,/home/agiuser/FypProj/data/raw/DataSet1/set_a/Aunlabelledtest__201104012144.wav,5.711519274376418
a,Aunlabelledtest__2011040239.wav,Aunlabelledtest,,A,,/home/agiuser/FypProj/data/raw/DataSet1/set_a/Aunlabelledtest__2011040239.wav,3.8702494331065758
a,Aunlabelledtest__201105011546.wav,Aunlabelledtest,,A,,/home/agiuser/FypProj/data/raw/DataSet1/set_a/Aunlabelledtest__201105011546.wav,9.0
a,Aunlabelledtest__20110501548.wav,Aunlabelledtest,,A,,/home/agiuser/FypProj/data/raw/DataSet1/set_a/Aunlabelledtest__20110501548.wav,9.0
a,Aunlabelledtest__201105031730.wav,Aunlabelledtest,,A,,/home/agiuser/FypProj/data/raw/DataSet1/set_a/Aunlabelledtest__201105031730.wav,7.587732426303855
a,Aunlabelledtest__201106010807.wav,Aunlabelledtest,,A,,/home/agiuser/FypProj/data/raw/DataSet1/set_a/Aunlabelledtest__201106010807.wav,9.0
a,Aunlabelledtest__201106030607.wav,Aunlabelledtest,,A,,/home/agiuser/FypProj/data/raw/DataSet1/set_a/Aunlabelledtest__201106030607.wav,9.0
a,Aunlabelledtest__201106031556.wav,Aunlabelledtest,,A,,/home/agiuser/FypProj/data/raw/DataSet1/set_a/Aunlabelledtest__201106031556.wav,9.0
a,Aunlabelledtest__201106040930.wav,Aunlabelledtest,,A,,/home/agiuser/FypProj/data/raw/DataSet1/set_a/Aunlabelledtest__201106040930.wav,9.0
a,Aunlabelledtest__201106061104.wav,Aunlabelledtest,,A,,/home/agiuser/FypProj/data/raw/DataSet1/set_a/Aunlabelledtest__201106061104.wav,9.0
a,Aunlabelledtest__201106061215.wav,Aunlabelledtest,,A,,/home/agiuser/FypProj/data/raw/DataSet1/set_a/Aunlabelledtest__201106061215.wav,9.0
a,Aunlabelledtest__201106100606.wav,Aunlabelledtest,,A,,/home/agiuser/FypProj/data/raw/DataSet1/set_a/Aunlabelledtest__201106100606.wav,9.0
a,Aunlabelledtest__201106111419.wav,Aunlabelledtest,,A,,/home/agiuser/FypProj/data/raw/DataSet1/set_a/Aunlabelledtest__201106111419.wav,9.0
a,Aunlabelledtest__201106120928.wav,Aunlabelledtest,,A,,/home/agiuser/FypProj/data/raw/DataSet1/set_a/Aunlabelledtest__201106120928.wav,9.0
a,Aunlabelledtest__201106130440.wav,Aunlabelledtest,,A,,/home/agiuser/FypProj/data/raw/DataSet1/set_a/Aunlabelledtest__201106130440.wav,9.0
a,Aunlabelledtest__201106150614.wav,Aunlabelledtest,,A,,/home/agiuser/FypProj/data/raw/DataSet1/set_a/Aunlabelledtest__201106150614.wav,9.0
a,Aunlabelledtest__201106170857.wav,Aunlabelledtest,,A,,/home/agiuser/FypProj/data/raw/DataSet1/set_a/Aunlabelledtest__201106170857.wav,9.0
a,Aunlabelledtest__201106171155.wav,Aunlabelledtest,,A,,/home/agiuser/FypProj/data/raw/DataSet1/set_a/Aunlabelledtest__201106171155.wav,9.0
a,Aunlabelledtest__201106191034.wav,Aunlabelledtest,,A,,/home/agiuser/FypProj/data/raw/DataSet1/set_a/Aunlabelledtest__201106191034.wav,9.0
a,Aunlabelledtest__201106211725.wav,Aunlabelledtest,,A,,/home/agiuser/FypProj/data/raw/DataSet1/set_a/Aunlabelledtest__201106211725.wav,6.526462585034014
a,Aunlabelledtest__201106212102.wav,Aunlabelledtest,,A,,/home/agiuser/FypProj/data/raw/DataSet1/set_a/Aunlabelledtest__201106212102.wav,9.0
a,Aunlabelledtest__201108011111.wav,Aunlabelledtest,,A,,/home/agiuser/FypProj/data/raw/DataSet1/set_a/Aunlabelledtest__201108011111.wav,7.935555555555555
a,Aunlabelledtest__201108011113.wav,Aunlabelledtest,,A,,/home/agiuser/FypProj/data/raw/DataSet1/set_a/Aunlabelledtest__201108011113.wav,7.935555555555555
a,Aunlabelledtest__201108011116.wav,Aunlabelledtest,,A,,/home/agiuser/FypProj/data/raw/DataSet1/set_a/Aunlabelledtest__201108011116.wav,7.935555555555555
a,Aunlabelledtest__201108011117.wav,Aunlabelledtest,,A,,/home/agiuser/FypProj/data/raw/DataSet1/set_a/Aunlabelledtest__201108011117.wav,7.935555555555555
a,Aunlabelledtest__201108222222.wav,Aunlabelledtest,,A,,/home/agiuser/FypProj/data/raw/DataSet1/set_a/Aunlabelledtest__201108222222.wav,7.935555555555555
a,Aunlabelledtest__201108222225.wav,Aunlabelledtest,,A,,/home/agiuser/FypProj/data/raw/DataSet1/set_a/Aunlabelledtest__201108222225.wav,7.935555555555555
a,Aunlabelledtest__201108222228.wav,Aunlabelledtest,,A,,/home/agiuser/FypProj/data/raw/DataSet1/set_a/Aunlabelledtest__201108222228.wav,7.935555555555555
a,Aunlabelledtest__201108222234.wav,Aunlabelledtest,,A,,/home/agiuser/FypProj/data/raw/DataSet1/set_a/Aunlabelledtest__201108222234.wav,7.935555555555555
a,Aunlabelledtest__201108222241.wav,Aunlabelledtest,,A,,/home/agiuser/FypProj/data/raw/DataSet1/set_a/Aunlabelledtest__201108222241.wav,7.935555555555555
a,Aunlabelledtest__201108222244.wav,Aunlabelledtest,,A,,/home/agiuser/FypProj/data/raw/DataSet1/set_a/Aunlabelledtest__201108222244.wav,7.935555555555555
a,Aunlabelledtest__201108222247.wav,Aunlabelledtest,,A,,/home/agiuser/FypProj/data/raw/DataSet1/set_a/Aunlabelledtest__201108222247.wav,7.935555555555555
a,Aunlabelledtest__201108222254.wav,Aunlabelledtest,,A,,/home/agiuser/FypProj/data/raw/DataSet1/set_a/Aunlabelledtest__201108222254.wav,7.935555555555555
a,Aunlabelledtest__201108222257.wav,Aunlabelledtest,,A,,/home/agiuser/FypProj/data/raw/DataSet1/set_a/Aunlabelledtest__201108222257.wav,7.935555555555555
b,extrastole__127_1306764300147_C2.wav,extrastole,,B,,/home/agiuser/FypProj/data/raw/DataSet1/set_b/extrastole__127_1306764300147_C2.wav,4.676
b,extrastole__128_1306344005749_A.wav,extrastole,,B,,/home/agiuser/FypProj/data/raw/DataSet1/set_b/extrastole__128_1306344005749_A.wav,9.2365
b,extrastole__130_1306347376079_D.wav,extrastole,,B,,/home/agiuser/FypProj/data/raw/DataSet1/set_b/extrastole__130_1306347376079_D.wav,4.00275
b,extrastole__134_1306428161797_C1.wav,extrastole,,B,,/home/agiuser/FypProj/data/raw/DataSet1/set_b/extrastole__134_1306428161797_C1.wav,2.56125
b,extrastole__138_1306762146980_B.wav,extrastole,,B,,/home/agiuser/FypProj/data/raw/DataSet1/set_b/extrastole__138_1306762146980_B.wav,8.10375
b,extrastole__140_1306519735121_D.wav,extrastole,,B,,/home/agiuser/FypProj/data/raw/DataSet1/set_b/extrastole__140_1306519735121_D.wav,5.98175
b,extrastole__144_1306522408528_B.wav,extrastole,,B,,/home/agiuser/FypProj/data/raw/DataSet1/set_b/extrastole__144_1306522408528_B.wav,5.33825
b,extrastole__144_1306522408528_B1.wav,extrastole,,B,,/home/agiuser/FypProj/data/raw/DataSet1/set_b/extrastole__144_1306522408528_B1.wav,3.349
b,extrastole__148_1306768801551_B.wav,extrastole,,B,,/home/agiuser/FypProj/data/raw/DataSet1/set_b/extrastole__148_1306768801551_B.wav,3.99875
b,extrastole__151_1306779785624_B.wav,extrastole,,B,,/home/agiuser/FypProj/data/raw/DataSet1/set_b/extrastole__151_1306779785624_B.wav,11.30825
b,extrastole__153_1306848820671_C.wav,extrastole,,B,,/home/agiuser/FypProj/data/raw/DataSet1/set_b/extrastole__153_1306848820671_C.wav,6.464
b,extrastole__154_1306935608852_D2.wav,extrastole,,B,,/home/agiuser/FypProj/data/raw/DataSet1/set_b/extrastole__154_1306935608852_D2.wav,2.39325
b,extrastole__163_1307104470471_C.wav,extrastole,,B,,/home/agiuser/FypProj/data/raw/DataSet1/set_b/extrastole__163_1307104470471_C.wav,8.46275
b,extrastole__179_1307990076841_C.wav,extrastole,,B,,/home/agiuser/FypProj/data/raw/DataSet1/set_b/extrastole__179_1307990076841_C.wav,12.438
b,extrastole__184_1308073010307_A.wav,extrastole,,B,,/home/agiuser/FypProj/data/raw/DataSet1/set_b/extrastole__184_1308073010307_A.wav,13.38075
b,extrastole__190_1308076920011_C.wav,extrastole,,B,,/home/agiuser/FypProj/data/raw/DataSet1/set_b/extrastole__190_1308076920011_C.wav,1.8745
b,extrastole__191_1308077299430_A.wav,extrastole,,B,,/home/agiuser/FypProj/data/raw/DataSet1/set_b/extrastole__191_1308077299430_A.wav,10.40875
b,extrastole__194_1308139824187_B.wav,extrastole,,B,,/home/agiuser/FypProj/data/raw/DataSet1/set_b/extrastole__194_1308139824187_B.wav,5.86075
b,extrastole__198_1308141739338_B.wav,extrastole,,B,,/home/agiuser/FypProj/data/raw/DataSet1/set_b/extrastole__198_1308141739338_B.wav,5.12225
b,extrastole__198_1308141739338_B1.wav,extrastole,,B,,/home/agiuser/FypProj/data/raw/DataSet1/set_b/extrastole__198_1308141739338_B1.wav,6.6715
b,extrastole__202_1308145175747_C1.wav,extrastole,,B,,/home/agiuser/FypProj/data/raw/DataSet1/set_b/extrastole__202_1308145175747_C1.wav,2.843
b,extrastole__202_1308145175747_C2.wav,extrastole,,B,,/home/agiuser/FypProj/data/raw/DataSet1/set_b/extrastole__202_1308145175747_C2.wav,2.0835
b,extrastole__207_1308159792607_B.wav,extrastole,,B,,/home/agiuser/FypProj/data/raw/DataSet1/set_b/extrastole__207_1308159792607_B.wav,4.48475
b,extrastole__207_1308159792607_B1.wav,extrastole,,B,,/home/agiuser/FypProj/data/raw/DataSet1/set_b/extrastole__207_1308159792607_B1.wav,5.29
b,extrastole__209_1308162216750_D.wav,extrastole,,B,,/home/agiuser/FypProj/data/raw/DataSet1/set_b/extrastole__209_1308162216750_D.wav,5.64475
b,extrastole__210_1308162935880_C.wav,extrastole,,B,,/home/agiuser/FypProj/data/raw/DataSet1/set_b/extrastole__210_1308162935880_C.wav,9.68575
b,extrastole__213_1308245263936_D.wav,extrastole,,B,,/home/agiuser/FypProj/data/raw/DataSet1/set_b/extrastole__213_1308245263936_D.wav,4.70225
b,extrastole__215_1308245664733_B.wav,extrastole,,B,,/home/agiuser/FypProj/data/raw/DataSet1/set_b/extrastole__215_1308245664733_B.wav,4.129
b,extrastole__215_1308245664733_B1.wav,extrastole,,B,,/home/agiuser/FypProj/data/raw/DataSet1/set_b/extrastole__215_1308245664733_B1.wav,2.8745
b,extrastole__216_1308245839516_A.wav,extrastole,,B,,/home/agiuser/FypProj/data/raw/DataSet1/set_b/extrastole__216_1308245839516_A.wav,12.10225
b,extrastole__216_1308245839516_B.wav,extrastole,,B,,/home/agiuser/FypProj/data/raw/DataSet1/set_b/extrastole__216_1308245839516_B.wav,2.4985
b,extrastole__220_1308250132896_B.wav,extrastole,,B,,/home/agiuser/FypProj/data/raw/DataSet1/set_b/extrastole__220_1308250132896_B.wav,5.305
b,extrastole__224_1308337157445_B.wav,extrastole,,B,,/home/agiuser/FypProj/data/raw/DataSet1/set_b/extrastole__224_1308337157445_B.wav,3.60225
b,extrastole__229_1308594979317_B.wav,extrastole,,B,,/home/agiuser/FypProj/data/raw/DataSet1/set_b/extrastole__229_1308594979317_B.wav,5.57975
b,extrastole__235_1308749032454_B.wav,extrastole,,B,,/home/agiuser/FypProj/data/raw/DataSet1/set_b/extrastole__235_1308749032454_B.wav,8.046
b,extrastole__237_1308750231222_A.wav,extrastole,,B,,/home/agiuser/FypProj/data/raw/DataSet1/set_b/extrastole__237_1308750231222_A.wav,2.01925
b,extrastole__237_1308750231222_C.wav,extrastole,,B,,/home/agiuser/FypProj/data/raw/DataSet1/set_b/extrastole__237_1308750231222_C.wav,3.61275
b,extrastole__249_1309202052376_C.wav,extrastole,,B,,/home/agiuser/FypProj/data/raw/DataSet1/set_b/extrastole__249_1309202052376_C.wav,3.56075
b,extrastole__253_1309350256198_B.wav,extrastole,,B,,/home/agiuser/FypProj/data/raw/DataSet1/set_b/extrastole__253_1309350256198_B.wav,2.91775
b,extrastole__261_1309353556003_C.wav,extrastole,,B,,/home/agiuser/FypProj/data/raw/DataSet1/set_b/extrastole__261_1309353556003_C.wav,5.18525
b,extrastole__265_1309367698923_C.wav,extrastole,,B,,/home/agiuser/FypProj/data/raw/DataSet1/set_b/extrastole__265_1309367698923_C.wav,4.09525
b,extrastole__274_1311075637574_A.wav,extrastole,,B,,/home/agiuser/FypProj/data/raw/DataSet1/set_b/extrastole__274_1311075637574_A.wav,3.94175
b,extrastole__275_1310990852160_B.wav,extrastole,,B,,/home/agiuser/FypProj/data/raw/DataSet1/set_b/extrastole__275_1310990852160_B.wav,4.88425
b,extrastole__286_1311170606028_D.wav,extrastole,,B,,/home/agiuser/FypProj/data/raw/DataSet1/set_b/extrastole__286_1311170606028_D.wav,6.7305
b,extrastole__294_1311681084248_C.wav,extrastole,,B,,/home/agiuser/FypProj/data/raw/DataSet1/set_b/extrastole__294_1311681084248_C.wav,11.835
b,extrastole__298_1311685888900_C.wav,extrastole,,B,,/home/agiuser/FypProj/data/raw/DataSet1/set_b/extrastole__298_1311685888900_C.wav,10.1835
b,murmur__112_1306243000964_A.wav,murmur,,B,,/home/agiuser/FypProj/data/raw/DataSet1/set_b/murmur__112_1306243000964_A.wav,4.66625
b,murmur__112_1306243000964_B.wav,murmur,,B,,/home/agiuser/FypProj/data/raw/DataSet1/set_b/murmur__112_1306243000964_B.wav,11.58925
b,murmur__112_1306243000964_D.wav,murmur,,B,,/home/agiuser/FypProj/data/raw/DataSet1/set_b/murmur__112_1306243000964_D.wav,15.28175
b,murmur__116_1306258689913_A.wav,murmur,,B,,/home/agiuser/FypProj/data/raw/DataSet1/set_b/murmur__116_1306258689913_A.wav,8.61825
b,murmur__116_1306258689913_C.wav,murmur,,B,,/home/agiuser/FypProj/data/raw/DataSet1/set_b/murmur__116_1306258689913_C.wav,24.16
b,murmur__116_1306258689913_D.wav,murmur,,B,,/home/agiuser/FypProj/data/raw/DataSet1/set_b/murmur__116_1306258689913_D.wav,6.3195
b,murmur__122_1306325762831_C.wav,murmur,,B,,/home/agiuser/FypProj/data/raw/DataSet1/set_b/murmur__122_1306325762831_C.wav,5.57325
b,murmur__122_1306325762831_D.wav,murmur,,B,,/home/agiuser/FypProj/data/raw/DataSet1/set_b/murmur__122_1306325762831_D.wav,14.4075
b,murmur__156_1306936373241_B.wav,murmur,,B,,/home/agiuser/FypProj/data/raw/DataSet1/set_b/murmur__156_1306936373241_B.wav,4.11775
b,murmur__160_1307100683334_A.wav,murmur,,B,,/home/agiuser/FypProj/data/raw/DataSet1/set_b/murmur__160_1307100683334_A.wav,11.804
b,murmur__160_1307100683334_B.wav,murmur,,B,,/home/agiuser/FypProj/data/raw/DataSet1/set_b/murmur__160_1307100683334_B.wav,16.96025
b,murmur__161_1307101199321_A.wav,murmur,,B,,/home/agiuser/FypProj/data/raw/DataSet1/set_b/murmur__161_1307101199321_A.wav,17.2585
b,murmur__162_1307101835989_A.wav,murmur,,B,,/home/agiuser/FypProj/data/raw/DataSet1/set_b/murmur__162_1307101835989_A.wav,13.80675
b,murmur__162_1307101835989_B.wav,murmur,,B,,/home/agiuser/FypProj/data/raw/DataSet1/set_b/murmur__162_1307101835989_B.wav,3.6185
b,murmur__164_1307106095995_B.wav,murmur,,B,,/home/agiuser/FypProj/data/raw/DataSet1/set_b/murmur__164_1307106095995_B.wav,12.8265
b,murmur__164_1307106095995_C.wav,murmur,,B,,/home/agiuser/FypProj/data/raw/DataSet1/set_b/murmur__164_1307106095995_C.wav,3.0435
b,murmur__165_1307109069581_C.wav,murmur,,B,,/home/agiuser/FypProj/data/raw/DataSet1/set_b/murmur__165_1307109069581_C.wav,3.7365
b,murmur__165_1307109069581_C2.wav,murmur,,B,,/home/agiuser/FypProj/data/raw/DataSet1/set_b/murmur__165_1307109069581_C2.wav,4.94975
b,murmur__171_1307971016233_D.wav,murmur,,B,,/home/agiuser/FypProj/data/raw/DataSet1/set_b/murmur__171_1307971016233_D.wav,2.78675
b,murmur__171_1307971016233_D1.wav,murmur,,B,,/home/agiuser/FypProj/data/raw/DataSet1/set_b/murmur__171_1307971016233_D1.wav,2.79725
b,murmur__171_1307971016233_E.wav,murmur,,B,,/home/agiuser/FypProj/data/raw/DataSet1/set_b/murmur__171_1307971016233_E.wav,0.85675
b,murmur__185_1308073325396_B.wav,murmur,,B,,/home/agiuser/FypProj/data/raw/DataSet1/set_b/murmur__185_1308073325396_B.wav,11.10975
b,murmur__185_1308073325396_C.wav,murmur,,B,,/home/agiuser/FypProj/data/raw/DataSet1/set_b/murmur__185_1308073325396_C.wav,15.7245
b,murmur__193_1308078104592_B.wav,murmur,,B,,/home/agiuser/FypProj/data/raw/DataSet1/set_b/murmur__193_1308078104592_B.wav,6.63775
b,murmur__193_1308078104592_C.wav,murmur,,B,,/home/agiuser/FypProj/data/raw/DataSet1/set_b/murmur__193_1308078104592_C.wav,3.9525
b,murmur__193_1308078104592_C1.wav,murmur,,B,,/home/agiuser/FypProj/data/raw/DataSet1/set_b/murmur__193_1308078104592_C1.wav,2.7485
b,murmur__195_1308140095331_A.wav,murmur,,B,,/home/agiuser/FypProj/data/raw/DataSet1/set_b/murmur__195_1308140095331_A.wav,2.23625
b,murmur__195_1308140095331_C.wav,murmur,,B,,/home/agiuser/FypProj/data/raw/DataSet1/set_b/murmur__195_1308140095331_C.wav,2.72325
b,murmur__195_1308140095331_C1.wav,murmur,,B,,/home/agiuser/FypProj/data/raw/DataSet1/set_b/murmur__195_1308140095331_C1.wav,4.238
b,murmur__196_1308141034858_B.wav,murmur,,B,,/home/agiuser/FypProj/data/raw/DataSet1/set_b/murmur__196_1308141034858_B.wav,16.321
b,murmur__196_1308141034858_C.wav,murmur,,B,,/home/agiuser/FypProj/data/raw/DataSet1/set_b/murmur__196_1308141034858_C.wav,16.91775
b,murmur__197_1308141235553_A.wav,murmur,,B,,/home/agiuser/FypProj/data/raw/DataSet1/set_b/murmur__197_1308141235553_A.wav,10.46775
b,murmur__197_1308141235553_C.wav,murmur,,B,,/home/agiuser/FypProj/data/raw/DataSet1/set_b/murmur__197_1308141235553_C.wav,7.12625
b,murmur__197_1308141235553_D.wav,murmur,,B,,/home/agiuser/FypProj/data/raw/DataSet1/set_b/murmur__197_1308141235553_D.wav,18.409
b,murmur__200_1308144251434_C.wav,murmur,,B,,/home/agiuser/FypProj/data/raw/DataSet1/set_b/murmur__200_1308144251434_C.wav,3.1895
b,murmur__200_1308144251434_D.wav,murmur,,B,,/home/agiuser/FypProj/data/raw/DataSet1/set_b/murmur__200_1308144251434_D.wav,7.77425
b,murmur__203_1308162026258_B.wav,murmur,,B,,/home/agiuser/FypProj/data/raw/DataSet1/set_b/murmur__203_1308162026258_B.wav,5.6325
b,murmur__203_1308162026258_C1.wav,murmur,,B,,/home/agiuser/FypProj/data/raw/DataSet1/set_b/murmur__203_1308162026258_C1.wav,4.34425
b,murmur__203_1308162026258_D.wav,murmur,,B,,/home/agiuser/FypProj/data/raw/DataSet1/set_b/murmur__203_1308162026258_D.wav,3.84675
b,murmur__204_1308159229275_B.wav,murmur,,B,,/home/agiuser/FypProj/data/raw/DataSet1/set_b/murmur__204_1308159229275_B.wav,4.364
b,murmur__211_1308163238707_C.wav,murmur,,B,,/home/agiuser/FypProj/data/raw/DataSet1/set_b/murmur__211_1308163238707_C.wav,2.837
b,murmur__223_1308337062581_D.wav,murmur,,B,,/home/agiuser/FypProj/data/raw/DataSet1/set_b/murmur__223_1308337062581_D.wav,3.67
b,murmur__239_1309195730333_B.wav,murmur,,B,,/home/agiuser/FypProj/data/raw/DataSet1/set_b/murmur__239_1309195730333_B.wav,5.2855
b,murmur__239_1309195730333_C.wav,murmur,,B,,/home/agiuser/FypProj/data/raw/DataSet1/set_b/murmur__239_1309195730333_C.wav,7.77525
b,murmur__240_1309196119795_B.wav,murmur,,B,,/home/agiuser/FypProj/data/raw/DataSet1/set_b/murmur__240_1309196119795_B.wav,6.9975
b,murmur__240_1309196119795_C.wav,murmur,,B,,/home/agiuser/FypProj/data/raw/DataSet1/set_b/murmur__240_1309196119795_C.wav,11.35325
b,murmur__240_1309201366049_B.wav,murmur,,B,,/home/agiuser/FypProj/data/raw/DataSet1/set_b/murmur__240_1309201366049_B.wav,5.48425
b,murmur__242_1309197394064_B.wav,murmur,,B,,/home/agiuser/FypProj/data/raw/DataSet1/set_b/murmur__242_1309197394064_B.wav,6.3805
b,murmur__242_1309197394064_D.wav,murmur,,B,,/home/agiuser/FypProj/data/raw/DataSet1/set_b/murmur__242_1309197394064_D.wav,4.64
b,murmur__244_1309198148498_B.wav,murmur,,B,,/home/agiuser/FypProj/data/raw/DataSet1/set_b/murmur__244_1309198148498_B.wav,2.1425
b,murmur__245_1309200438094_B.wav,murmur,,B,,/home/agiuser/FypProj/data/raw/DataSet1/set_b/murmur__245_1309200438094_B.wav,2.04775
b,murmur__248_1309201683806_A.wav,murmur,,B,,/home/agiuser/FypProj/data/raw/DataSet1/set_b/murmur__248_1309201683806_A.wav,7.121
b,murmur__248_1309201683806_C.wav,murmur,,B,,/home/agiuser/FypProj/data/raw/DataSet1/set_b/murmur__248_1309201683806_C.wav,9.854
b,murmur__254_1309350589009_A.wav,murmur,,B,,/home/agiuser/FypProj/data/raw/DataSet1/set_b/murmur__254_1309350589009_A.wav,2.37575
b,murmur__254_1309350589009_A1.wav,murmur,,B,,/home/agiuser/FypProj/data/raw/DataSet1/set_b/murmur__254_1309350589009_A1.wav,7.3935
b,murmur__254_1309350589009_C.wav,murmur,,B,,/home/agiuser/FypProj/data/raw/DataSet1/set_b/murmur__254_1309350589009_C.wav,4.24025
b,murmur__254_1309350589009_D.wav,murmur,,B,,/home/agiuser/FypProj/data/raw/DataSet1/set_b/murmur__254_1309350589009_D.wav,8.83625
b,murmur__276_1311162716489_C.wav,murmur,,B,,/home/agiuser/FypProj/data/raw/DataSet1/set_b/murmur__276_1311162716489_C.wav,6.217
b,murmur__281_1311165683454_A.wav,murmur,,B,,/home/agiuser/FypProj/data/raw/DataSet1/set_b/murmur__281_1311165683454_A.wav,11.00925
b,murmur__281_1311165683454_B.wav,murmur,,B,,/home/agiuser/FypProj/data/raw/DataSet1/set_b/murmur__281_1311165683454_B.wav,10.25225
b,murmur__281_1311165683454_D.wav,murmur,,B,,/home/agiuser/FypProj/data/raw/DataSet1/set_b/murmur__281_1311165683454_D.wav,12.54425
b,murmur__287_1311170903290_C.wav,murmur,,B,,/home/agiuser/FypProj/data/raw/DataSet1/set_b/murmur__287_1311170903290_C.wav,8.579
b,murmur__288_1311164615284_D.wav,murmur,,B,,/home/agiuser/FypProj/data/raw/DataSet1/set_b/murmur__288_1311164615284_D.wav,11.35325
b,murmur__292_1311185449649_B.wav,murmur,,B,,/home/agiuser/FypProj/data/raw/DataSet1/set_b/murmur__292_1311185449649_B.wav,3.22275
b,murmur__292_1311185449649_C.wav,murmur,,B,,/home/agiuser/FypProj/data/raw/DataSet1/set_b/murmur__292_1311185449649_C.wav,5.61925
b,murmur__293_1311680805936_B1.wav,murmur,,B,,/home/agiuser/FypProj/data/raw/DataSet1/set_b/murmur__293_1311680805936_B1.wav,1.4045
b,normal__103_1305031931979_B.wav,normal,,B,,/home/agiuser/FypProj/data/raw/DataSet1/set_b/normal__103_1305031931979_B.wav,6.20975
b,normal__103_1305031931979_D1.wav,normal,,B,,/home/agiuser/FypProj/data/raw/DataSet1/set_b/normal__103_1305031931979_D1.wav,9.9025
b,normal__103_1305031931979_D2.wav,normal,,B,,/home/agiuser/FypProj/data/raw/DataSet1/set_b/normal__103_1305031931979_D2.wav,5.12025
b,normal__103_1305031931979_D3.wav,normal,,B,,/home/agiuser/FypProj/data/raw/DataSet1/set_b/normal__103_1305031931979_D3.wav,9.2425
b,normal__106_1306776721273_B1.wav,normal,,B,,/home/agiuser/FypProj/data/raw/DataSet1/set_b/normal__106_1306776721273_B1.wav,3.87675
b,normal__106_1306776721273_C1.wav,normal,,B,,/home/agiuser/FypProj/data/raw/DataSet1/set_b/normal__106_1306776721273_C1.wav,3.19075
b,normal__106_1306776721273_C2.wav,normal,,B,,/home/agiuser/FypProj/data/raw/DataSet1/set_b/normal__106_1306776721273_C2.wav,2.3775
b,normal__106_1306776721273_D1.wav,normal,,B,,/home/agiuser/FypProj/data/raw/DataSet1/set_b/normal__106_1306776721273_D1.wav,2.51825
b,normal__106_1306776721273_D2.wav,normal,,B,,/home/agiuser/FypProj/data/raw/DataSet1/set_b/normal__106_1306776721273_D2.wav,6.229
b,normal__107_1305654946865_C1.wav,normal,,B,,/home/agiuser/FypProj/data/raw/DataSet1/set_b/normal__107_1305654946865_C1.wav,5.80575
b,normal__109_1305653646620_C.wav,normal,,B,,/home/agiuser/FypProj/data/raw/DataSet1/set_b/normal__109_1305653646620_C.wav,7.63275
b,normal__113_1306244002866_D.wav,normal,,B,,/home/agiuser/FypProj/data/raw/DataSet1/set_b/normal__113_1306244002866_D.wav,3.7615
b,normal__115_1306259437619_C.wav,normal,,B,,/home/agiuser/FypProj/data/raw/DataSet1/set_b/normal__115_1306259437619_C.wav,7.72675
b,normal__117_1306262456650_B.wav,normal,,B,,/home/agiuser/FypProj/data/raw/DataSet1/set_b/normal__117_1306262456650_B.wav,6.64425
b,normal__125_1306332456645_B.wav,normal,,B,,/home/agiuser/FypProj/data/raw/DataSet1/set_b/normal__125_1306332456645_B.wav,2.0655
b,normal__126_1306777102824_B.wav,normal,,B,,/home/agiuser/FypProj/data/raw/DataSet1/set_b/normal__126_1306777102824_B.wav,7.192
b,normal__126_1306777102824_C.wav,normal,,B,,/home/agiuser/FypProj/data/raw/DataSet1/set_b/normal__126_1306777102824_C.wav,4.15475
b,normal__126_1306777102824_D.wav,normal,,B,,/home/agiuser/FypProj/data/raw/DataSet1/set_b/normal__126_1306777102824_D.wav,8.75075
b,normal__127_1306764300147_A.wav,normal,,B,,/home/agiuser/FypProj/data/raw/DataSet1/set_b/normal__127_1306764300147_A.wav,9.633
b,normal__127_1306764300147_B.wav,normal,,B,,/home/agiuser/FypProj/data/raw/DataSet1/set_b/normal__127_1306764300147_B.wav,8.33075
b,normal__127_1306764300147_C1.wav,normal,,B,,/home/agiuser/FypProj/data/raw/DataSet1/set_b/normal__127_1306764300147_C1.wav,5.1565
b,normal__128_1306344005749_B.wav,normal,,B,,/home/agiuser/FypProj/data/raw/DataSet1/set_b/normal__128_1306344005749_B.wav,7.89925
b,normal__128_1306344005749_D.wav,normal,,B,,/home/agiuser/FypProj/data/raw/DataSet1/set_b/normal__128_1306344005749_D.wav,3.27625
b,normal__128_1306344005749_D1.wav,normal,,B,,/home/agiuser/FypProj/data/raw/DataSet1/set_b/normal__128_1306344005749_D1.wav,6.44325
b,normal__129_1306344506305_B1.wav,normal,,B,,/home/agiuser/FypProj/data/raw/DataSet1/set_b/normal__129_1306344506305_B1.wav,2.949
b,normal__129_1306344506305_D.wav,normal,,B,,/home/agiuser/FypProj/data/raw/DataSet1/set_b/normal__129_1306344506305_D.wav,7.158
b,normal__129_1306344506305_D1.wav,normal,,B,,/home/agiuser/FypProj/data/raw/DataSet1/set_b/normal__129_1306344506305_D1.wav,3.76325
b,normal__133_1306759619127_A.wav,normal,,B,,/home/agiuser/FypProj/data/raw/DataSet1/set_b/normal__133_1306759619127_A.wav,2.705
b,normal__133_1306759619127_B.wav,normal,,B,,/home/agiuser/FypProj/data/raw/DataSet1/set_b/normal__133_1306759619127_B.wav,2.82725
b,normal__133_1306759619127_D.wav,normal,,B,,/home/agiuser/FypProj/data/raw/DataSet1/set_b/normal__133_1306759619127_D.wav,1.38225
b,normal__134_1306428161797_C.wav,normal,,B,,/home/agiuser/FypProj/data/raw/DataSet1/set_b/normal__134_1306428161797_C.wav,3.4225
b,normal__134_1306428161797_C2.wav,normal,,B,,/home/agiuser/FypProj/data/raw/DataSet1/set_b/normal__134_1306428161797_C2.wav,1.4885
b,normal__134_1306428161797_D.wav,normal,,B,,/home/agiuser/FypProj/data/raw/DataSet1/set_b/normal__134_1306428161797_D.wav,1.22675
b,normal__137_1306764999211_C.wav,normal,,B,,/home/agiuser/FypProj/data/raw/DataSet1/set_b/normal__137_1306764999211_C.wav,6.10125
b,normal__137_1306764999211_D.wav,normal,,B,,/home/agiuser/FypProj/data/raw/DataSet1/set_b/normal__137_1306764999211_D.wav,5.88025
b,normal__139_1306519274653_A.wav,normal,,B,,/home/agiuser/FypProj/data/raw/DataSet1/set_b/normal__139_1306519274653_A.wav,7.71425
b,normal__140_1306519735121_A.wav,normal,,B,,/home/agiuser/FypProj/data/raw/DataSet1/set_b/normal__140_1306519735121_A.wav,11.25
b,normal__140_1306519735121_B.wav,normal,,B,,/home/agiuser/FypProj/data/raw/DataSet1/set_b/normal__140_1306519735121_B.wav,9.773
b,normal__140_1306519735121_D1.wav,normal,,B,,/home/agiuser/FypProj/data/raw/DataSet1/set_b/normal__140_1306519735121_D1.wav,4.81675
b,normal__141_1306520154450_B.wav,normal,,B,,/home/agiuser/FypProj/data/raw/DataSet1/set_b/normal__141_1306520154450_B.wav,4.89925
b,normal__141_1306520154450_C.wav,normal,,B,,/home/agiuser/FypProj/data/raw/DataSet1/set_b/normal__141_1306520154450_C.wav,3.24275
b,normal__143_1306763822290_B.wav,normal,,B,,/home/agiuser/FypProj/data/raw/DataSet1/set_b/normal__143_1306763822290_B.wav,2.97425
b,normal__143_1306763822290_C.wav,normal,,B,,/home/agiuser/FypProj/data/raw/DataSet1/set_b/normal__143_1306763822290_C.wav,1.768
b,normal__145_1307987561278_B.wav,normal,,B,,/home/agiuser/FypProj/data/raw/DataSet1/set_b/normal__145_1307987561278_B.wav,8.10425
b,normal__145_1307987561278_C.wav,normal,,B,,/home/agiuser/FypProj/data/raw/DataSet1/set_b/normal__145_1307987561278_C.wav,12.10225
b,normal__146_1306778707532_A.wav,normal,,B,,/home/agiuser/FypProj/data/raw/DataSet1/set_b/normal__146_1306778707532_A.wav,4.73825
b,normal__146_1306778707532_B.wav,normal,,B,,/home/agiuser/FypProj/data/raw/DataSet1/set_b/normal__146_1306778707532_B.wav,9.77575
b,normal__146_1306778707532_D1.wav,normal,,B,,/home/agiuser/FypProj/data/raw/DataSet1/set_b/normal__146_1306778707532_D1.wav,14.68
b,normal__146_1306778707532_D2.wav,normal,,B,,/home/agiuser/FypProj/data/raw/DataSet1/set_b/normal__146_1306778707532_D2.wav,9.20725
b,normal__146_1306778707532_D3.wav,normal,,B,,/home/agiuser/FypProj/data/raw/DataSet1/set_b/normal__146_1306778707532_D3.wav,1.563
b,normal__146_1306778707532_D4.wav,normal,,B,,/home/agiuser/FypProj/data/raw/DataSet1/set_b/normal__146_1306778707532_D4.wav,5.233
b,normal__147_1306523973811_A.wav,normal,,B,,/home/agiuser/FypProj/data/raw/DataSet1/set_b/normal__147_1306523973811_A.wav,2.93325
b,normal__147_1306523973811_C.wav,normal,,B,,/home/agiuser/FypProj/data/raw/DataSet1/set_b/normal__147_1306523973811_C.wav,1.555
b,normal__148_1306768801551_C1.wav,normal,,B,,/home/agiuser/FypProj/data/raw/DataSet1/set_b/normal__148_1306768801551_C1.wav,3.41075
b,normal__148_1306768801551_D2.wav,normal,,B,,/home/agiuser/FypProj/data/raw/DataSet1/set_b/normal__148_1306768801551_D2.wav,4.2225
b,normal__149_1306776016110_B.wav,normal,,B,,/home/agiuser/FypProj/data/raw/DataSet1/set_b/normal__149_1306776016110_B.wav,4.70125
b,normal__149_1306776016110_C1.wav,normal,,B,,/home/agiuser/FypProj/data/raw/DataSet1/set_b/normal__149_1306776016110_C1.wav,9.15975
b,normal__150_1306776340746_B.wav,normal,,B,,/home/agiuser/FypProj/data/raw/DataSet1/set_b/normal__150_1306776340746_B.wav,9.801
b,normal__150_1306776340746_C.wav,normal,,B,,/home/agiuser/FypProj/data/raw/DataSet1/set_b/normal__150_1306776340746_C.wav,12.358
b,normal__151_1306779785624_A.wav,normal,,B,,/home/agiuser/FypProj/data/raw/DataSet1/set_b/normal__151_1306779785624_A.wav,5.6425
b,normal__151_1306779785624_D.wav,normal,,B,,/home/agiuser/FypProj/data/raw/DataSet1/set_b/normal__151_1306779785624_D.wav,2.994
b,normal__152_1306779561195_B1.wav,normal,,B,,/home/agiuser/FypProj/data/raw/DataSet1/set_b/normal__152_1306779561195_B1.wav,4.17125
b,normal__152_1306779561195_C1.wav,normal,,B,,/home/agiuser/FypProj/data/raw/DataSet1/set_b/normal__152_1306779561195_C1.wav,1.45
b,normal__152_1306779561195_D.wav,normal,,B,,/home/agiuser/FypProj/data/raw/DataSet1/set_b/normal__152_1306779561195_D.wav,8.4015
b,normal__153_1306848820671_A.wav,normal,,B,,/home/agiuser/FypProj/data/raw/DataSet1/set_b/normal__153_1306848820671_A.wav,3.421
b,normal__153_1306848820671_B.wav,normal,,B,,/home/agiuser/FypProj/data/raw/DataSet1/set_b/normal__153_1306848820671_B.wav,4.8165
b,normal__153_1306848820671_B1.wav,normal,,B,,/home/agiuser/FypProj/data/raw/DataSet1/set_b/normal__153_1306848820671_B1.wav,5.0255
b,normal__153_1306848820671_D1.wav,normal,,B,,/home/agiuser/FypProj/data/raw/DataSet1/set_b/normal__153_1306848820671_D1.wav,2.35275
b,normal__154_1306935608852_A1.wav,normal,,B,,/home/agiuser/FypProj/data/raw/DataSet1/set_b/normal__154_1306935608852_A1.wav,2.00375
b,normal__154_1306935608852_B.wav,normal,,B,,/home/agiuser/FypProj/data/raw/DataSet1/set_b/normal__154_1306935608852_B.wav,4.1615
b,normal__154_1306935608852_B1.wav,normal,,B,,/home/agiuser/FypProj/data/raw/DataSet1/set_b/normal__154_1306935608852_B1.wav,2.58525
b,normal__154_1306935608852_D.wav,normal,,B,,/home/agiuser/FypProj/data/raw/DataSet1/set_b/normal__154_1306935608852_D.wav,1.7505
b,normal__155_1306935902813_B1.wav,normal,,B,,/home/agiuser/FypProj/data/raw/DataSet1/set_b/normal__155_1306935902813_B1.wav,2.578
b,normal__158_1306947254705_B2.wav,normal,,B,,/home/agiuser/FypProj/data/raw/DataSet1/set_b/normal__158_1306947254705_B2.wav,1.61575
b,normal__159_1307018640315_A.wav,normal,,B,,/home/agiuser/FypProj/data/raw/DataSet1/set_b/normal__159_1307018640315_A.wav,2.6575
b,normal__159_1307018640315_B1.wav,normal,,B,,/home/agiuser/FypProj/data/raw/DataSet1/set_b/normal__159_1307018640315_B1.wav,3.82275
b,normal__159_1307018640315_B2.wav,normal,,B,,/home/agiuser/FypProj/data/raw/DataSet1/set_b/normal__159_1307018640315_B2.wav,1.858
b,normal__159_1307018640315_C1.wav,normal,,B,,/home/agiuser/FypProj/data/raw/DataSet1/set_b/normal__159_1307018640315_C1.wav,3.68825
b,normal__167_1307111318050_A.wav,normal,,B,,/home/agiuser/FypProj/data/raw/DataSet1/set_b/normal__167_1307111318050_A.wav,10.68675
b,normal__167_1307111318050_C.wav,normal,,B,,/home/agiuser/FypProj/data/raw/DataSet1/set_b/normal__167_1307111318050_C.wav,1.97925
b,normal__168_1307970069434_A.wav,normal,,B,,/home/agiuser/FypProj/data/raw/DataSet1/set_b/normal__168_1307970069434_A.wav,5.94125
b,normal__168_1307970069434_A2.wav,normal,,B,,/home/agiuser/FypProj/data/raw/DataSet1/set_b/normal__168_1307970069434_A2.wav,6.62675
b,normal__169_1307970398039_C.wav,normal,,B,,/home/agiuser/FypProj/data/raw/DataSet1/set_b/normal__169_1307970398039_C.wav,3.06975
b,normal__170_1307970562729_A.wav,normal,,B,,/home/agiuser/FypProj/data/raw/DataSet1/set_b/normal__170_1307970562729_A.wav,4.6305
b,normal__170_1307970562729_B.wav,normal,,B,,/home/agiuser/FypProj/data/raw/DataSet1/set_b/normal__170_1307970562729_B.wav,7.62775
b,normal__170_1307970562729_C.wav,normal,,B,,/home/agiuser/FypProj/data/raw/DataSet1/set_b/normal__170_1307970562729_C.wav,7.3615
b,normal__172_1307971284351_B.wav,normal,,B,,/home/agiuser/FypProj/data/raw/DataSet1/set_b/normal__172_1307971284351_B.wav,4.44175
b,normal__172_1307971284351_B1.wav,normal,,B,,/home/agiuser/FypProj/data/raw/DataSet1/set_b/normal__172_1307971284351_B1.wav,2.493
b,normal__173_1307973611151_B.wav,normal,,B,,/home/agiuser/FypProj/data/raw/DataSet1/set_b/normal__173_1307973611151_B.wav,2.8995
b,normal__173_1307973611151_C.wav,normal,,B,,/home/agiuser/FypProj/data/raw/DataSet1/set_b/normal__173_1307973611151_C.wav,3.0705
b,normal__174_1307987737137_B.wav,normal,,B,,/home/agiuser/FypProj/data/raw/DataSet1/set_b/normal__174_1307987737137_B.wav,2.74675
b,normal__174_1307987737137_B1.wav,normal,,B,,/home/agiuser/FypProj/data/raw/DataSet1/set_b/normal__174_1307987737137_B1.wav,2.082
b,normal__175_1307987962616_B.wav,normal,,B,,/home/agiuser/FypProj/data/raw/DataSet1/set_b/normal__175_1307987962616_B.wav,2.21775
b,normal__175_1307987962616_B1.wav,normal,,B,,/home/agiuser/FypProj/data/raw/DataSet1/set_b/normal__175_1307987962616_B1.wav,1.7285
b,normal__175_1307987962616_D.wav,normal,,B,,/home/agiuser/FypProj/data/raw/DataSet1/set_b/normal__175_1307987962616_D.wav,4.7775
b,normal__176_1307988171173_A.wav,normal,,B,,/home/agiuser/FypProj/data/raw/DataSet1/set_b/normal__176_1307988171173_A.wav,3.0005
b,normal__176_1307988171173_B.wav,normal,,B,,/home/agiuser/FypProj/data/raw/DataSet1/set_b/normal__176_1307988171173_B.wav,3.2135
b,normal__176_1307988171173_B1.wav,normal,,B,,/home/agiuser/FypProj/data/raw/DataSet1/set_b/normal__176_1307988171173_B1.wav,1.47375
b,normal__177_1307989650056_A1.wav,normal,,B,,/home/agiuser/FypProj/data/raw/DataSet1/set_b/normal__177_1307989650056_A1.wav,2.46425
b,normal__177_1307989650056_B.wav,normal,,B,,/home/agiuser/FypProj/data/raw/DataSet1/set_b/normal__177_1307989650056_B.wav,4.43475
b,normal__177_1307989650056_D.wav,normal,,B,,/home/agiuser/FypProj/data/raw/DataSet1/set_b/normal__177_1307989650056_D.wav,2.04975
b,normal__177_1307989650056_D1.wav,normal,,B,,/home/agiuser/FypProj/data/raw/DataSet1/set_b/normal__177_1307989650056_D1.wav,2.68325
b,normal__178_1307989887769_B.wav,normal,,B,,/home/agiuser/FypProj/data/raw/DataSet1/set_b/normal__178_1307989887769_B.wav,4.65325
b,normal__178_1307989887769_D.wav,normal,,B,,/home/agiuser/FypProj/data/raw/DataSet1/set_b/normal__178_1307989887769_D.wav,11.5965
b,normal__179_1307990076841_B.wav,normal,,B,,/home/agiuser/FypProj/data/raw/DataSet1/set_b/normal__179_1307990076841_B.wav,10.5745
b,normal__179_1307990076841_D.wav,normal,,B,,/home/agiuser/FypProj/data/raw/DataSet1/set_b/normal__179_1307990076841_D.wav,3.68925
b,normal__180_1307990956284_A.wav,normal,,B,,/home/agiuser/FypProj/data/raw/DataSet1/set_b/normal__180_1307990956284_A.wav,3.0935
b,normal__180_1307990956284_C.wav,normal,,B,,/home/agiuser/FypProj/data/raw/DataSet1/set_b/normal__180_1307990956284_C.wav,5.367
b,normal__181_1308052613891_B.wav,normal,,B,,/home/agiuser/FypProj/data/raw/DataSet1/set_b/normal__181_1308052613891_B.wav,3.72575
b,normal__181_1308052613891_D.wav,normal,,B,,/home/agiuser/FypProj/data/raw/DataSet1/set_b/normal__181_1308052613891_D.wav,2.2785
b,normal__183_1308072703477_B.wav,normal,,B,,/home/agiuser/FypProj/data/raw/DataSet1/set_b/normal__183_1308072703477_B.wav,4.312
b,normal__183_1308072703477_C.wav,normal,,B,,/home/agiuser/FypProj/data/raw/DataSet1/set_b/normal__183_1308072703477_C.wav,4.085
b,normal__184_1308073010307_B.wav,normal,,B,,/home/agiuser/FypProj/data/raw/DataSet1/set_b/normal__184_1308073010307_B.wav,13.1255
b,normal__184_1308073010307_D.wav,normal,,B,,/home/agiuser/FypProj/data/raw/DataSet1/set_b/normal__184_1308073010307_D.wav,14.6725
b,normal__186_1308073648738_C1.wav,normal,,B,,/home/agiuser/FypProj/data/raw/DataSet1/set_b/normal__186_1308073648738_C1.wav,2.51275
b,normal__186_1308073648738_D.wav,normal,,B,,/home/agiuser/FypProj/data/raw/DataSet1/set_b/normal__186_1308073648738_D.wav,3.28025
b,normal__188_1308074301731_C.wav,normal,,B,,/home/agiuser/FypProj/data/raw/DataSet1/set_b/normal__188_1308074301731_C.wav,7.717
b,normal__188_1308074301731_D.wav,normal,,B,,/home/agiuser/FypProj/data/raw/DataSet1/set_b/normal__188_1308074301731_D.wav,2.56225
b,normal__190_1308076920011_C1.wav,normal,,B,,/home/agiuser/FypProj/data/raw/DataSet1/set_b/normal__190_1308076920011_C1.wav,1.423
b,normal__190_1308076920011_D.wav,normal,,B,,/home/agiuser/FypProj/data/raw/DataSet1/set_b/normal__190_1308076920011_D.wav,2.35325
b,normal__191_1308077299430_B.wav,normal,,B,,/home/agiuser/FypProj/data/raw/DataSet1/set_b/normal__191_1308077299430_B.wav,11.825
b,normal__194_1308139824187_A.wav,normal,,B,,/home/agiuser/FypProj/data/raw/DataSet1/set_b/normal__194_1308139824187_A.wav,7.673
b,normal__194_1308139824187_A1.wav,normal,,B,,/home/agiuser/FypProj/data/raw/DataSet1/set_b/normal__194_1308139824187_A1.wav,4.294
b,normal__198_1308141739338_C.wav,normal,,B,,/home/agiuser/FypProj/data/raw/DataSet1/set_b/normal__198_1308141739338_C.wav,8.7315
b,normal__201_1308144942432_A.wav,normal,,B,,/home/agiuser/FypProj/data/raw/DataSet1/set_b/normal__201_1308144942432_A.wav,1.64075
b,normal__201_1308144942432_A1.wav,normal,,B,,/home/agiuser/FypProj/data/raw/DataSet1/set_b/normal__201_1308144942432_A1.wav,4.516
b,normal__202_1308145175747_C.wav,normal,,B,,/home/agiuser/FypProj/data/raw/DataSet1/set_b/normal__202_1308145175747_C.wav,5.0235
b,normal__202_1308145175747_D.wav,normal,,B,,/home/agiuser/FypProj/data/raw/DataSet1/set_b/normal__202_1308145175747_D.wav,2.36975
b,normal__204_1308159229275_C.wav,normal,,B,,/home/agiuser/FypProj/data/raw/DataSet1/set_b/normal__204_1308159229275_C.wav,4.70225
b,normal__204_1308159229275_D.wav,normal,,B,,/home/agiuser/FypProj/data/raw/DataSet1/set_b/normal__204_1308159229275_D.wav,4.2325
b,normal__206_1308159601959_C.wav,normal,,B,,/home/agiuser/FypProj/data/raw/DataSet1/set_b/normal__206_1308159601959_C.wav,3.46
b,normal__207_1308159792607_C.wav,normal,,B,,/home/agiuser/FypProj/data/raw/DataSet1/set_b/normal__207_1308159792607_C.wav,6.9915
b,normal__208_1308159994503_C.wav,normal,,B,,/home/agiuser/FypProj/data/raw/DataSet1/set_b/normal__208_1308159994503_C.wav,2.063
b,normal__209_1308162216750_A.wav,normal,,B,,/home/agiuser/FypProj/data/raw/DataSet1/set_b/normal__209_1308162216750_A.wav,2.947
b,normal__209_1308162216750_A1.wav,normal,,B,,/home/agiuser/FypProj/data/raw/DataSet1/set_b/normal__209_1308162216750_A1.wav,1.80775
b,normal__210_1308162935880_B.wav,normal,,B,,/home/agiuser/FypProj/data/raw/DataSet1/set_b/normal__210_1308162935880_B.wav,1.6605
b,normal__210_1308162935880_B1.wav,normal,,B,,/home/agiuser/FypProj/data/raw/DataSet1/set_b/normal__210_1308162935880_B1.wav,1.45925
b,normal__210_1308162935880_D1.wav,normal,,B,,/home/agiuser/FypProj/data/raw/DataSet1/set_b/normal__210_1308162935880_D1.wav,1.36875
b,normal__210_1308162935880_D2.wav,normal,,B,,/home/agiuser/FypProj/data/raw/DataSet1/set_b/normal__210_1308162935880_D2.wav,1.23325
b,normal__213_1308245263936_C.wav,normal,,B,,/home/agiuser/FypProj/data/raw/DataSet1/set_b/normal__213_1308245263936_C.wav,4.63125
b,normal__214_1308245489717_A.wav,normal,,B,,/home/agiuser/FypProj/data/raw/DataSet1/set_b/normal__214_1308245489717_A.wav,1.507
b,normal__215_1308245664733_C.wav,normal,,B,,/home/agiuser/FypProj/data/raw/DataSet1/set_b/normal__215_1308245664733_C.wav,2.976
b,normal__215_1308245664733_C1.wav,normal,,B,,/home/agiuser/FypProj/data/raw/DataSet1/set_b/normal__215_1308245664733_C1.wav,1.868
b,normal__216_1308245839516_C.wav,normal,,B,,/home/agiuser/FypProj/data/raw/DataSet1/set_b/normal__216_1308245839516_C.wav,3.13425
b,normal__217_1308246111629_C.wav,normal,,B,,/home/agiuser/FypProj/data/raw/DataSet1/set_b/normal__217_1308246111629_C.wav,4.58075
b,normal__217_1308246111629_C1.wav,normal,,B,,/home/agiuser/FypProj/data/raw/DataSet1/set_b/normal__217_1308246111629_C1.wav,3.205
b,normal__218_1308246311449_C.wav,normal,,B,,/home/agiuser/FypProj/data/raw/DataSet1/set_b/normal__218_1308246311449_C.wav,1.93525
b,normal__218_1308246311449_C1.wav,normal,,B,,/home/agiuser/FypProj/data/raw/DataSet1/set_b/normal__218_1308246311449_C1.wav,3.50775
b,normal__220_1308250132896_C.wav,normal,,B,,/home/agiuser/FypProj/data/raw/DataSet1/set_b/normal__220_1308250132896_C.wav,4.6475
b,normal__220_1308250132896_D.wav,normal,,B,,/home/agiuser/FypProj/data/raw/DataSet1/set_b/normal__220_1308250132896_D.wav,2.35125
b,normal__224_1308337157445_C.wav,normal,,B,,/home/agiuser/FypProj/data/raw/DataSet1/set_b/normal__224_1308337157445_C.wav,10.63275
b,normal__227_1308594233667_B.wav,normal,,B,,/home/agiuser/FypProj/data/raw/DataSet1/set_b/normal__227_1308594233667_B.wav,2.042
b,normal__227_1308594233667_C.wav,normal,,B,,/home/agiuser/FypProj/data/raw/DataSet1/set_b/normal__227_1308594233667_C.wav,2.6635
b,normal__230_1308595300880_B.wav,normal,,B,,/home/agiuser/FypProj/data/raw/DataSet1/set_b/normal__230_1308595300880_B.wav,1.62425
b,normal__230_1308595300880_C.wav,normal,,B,,/home/agiuser/FypProj/data/raw/DataSet1/set_b/normal__230_1308595300880_C.wav,2.3295
b,normal__232_1308748524018_A.wav,normal,,B,,/home/agiuser/FypProj/data/raw/DataSet1/set_b/normal__232_1308748524018_A.wav,1.329
b,normal__232_1308748524018_B.wav,normal,,B,,/home/agiuser/FypProj/data/raw/DataSet1/set_b/normal__232_1308748524018_B.wav,1.841
b,normal__232_1308748524018_B1.wav,normal,,B,,/home/agiuser/FypProj/data/raw/DataSet1/set_b/normal__232_1308748524018_B1.wav,1.408
b,normal__232_1308748524018_C.wav,normal,,B,,/home/agiuser/FypProj/data/raw/DataSet1/set_b/normal__232_1308748524018_C.wav,1.70175
b,normal__232_1308748524018_D1.wav,normal,,B,,/home/agiuser/FypProj/data/raw/DataSet1/set_b/normal__232_1308748524018_D1.wav,1.681
b,normal__235_1308749032454_C.wav,normal,,B,,/home/agiuser/FypProj/data/raw/DataSet1/set_b/normal__235_1308749032454_C.wav,1.20625
b,normal__235_1308749032454_D.wav,normal,,B,,/home/agiuser/FypProj/data/raw/DataSet1/set_b/normal__235_1308749032454_D.wav,5.42225
b,normal__237_1308750231222_C.wav,normal,,B,,/home/agiuser/FypProj/data/raw/DataSet1/set_b/normal__237_1308750231222_C.wav,1.43775
b,normal__238_1309194586293_A.wav,normal,,B,,/home/agiuser/FypProj/data/raw/DataSet1/set_b/normal__238_1309194586293_A.wav,1.17275
b,normal__238_1309194586293_B.wav,normal,,B,,/home/agiuser/FypProj/data/raw/DataSet1/set_b/normal__238_1309194586293_B.wav,1.1765
b,normal__250_1309202496494_A.wav,normal,,B,,/home/agiuser/FypProj/data/raw/DataSet1/set_b/normal__250_1309202496494_A.wav,1.72425
b,normal__250_1309202496494_B.wav,normal,,B,,/home/agiuser/FypProj/data/raw/DataSet1/set_b/normal__250_1309202496494_B.wav,3.0885
b,normal__252_1309203336604_B.wav,normal,,B,,/home/agiuser/FypProj/data/raw/DataSet1/set_b/normal__252_1309203336604_B.wav,1.892
b,normal__256_1309351470137_A.wav,normal,,B,,/home/agiuser/FypProj/data/raw/DataSet1/set_b/normal__256_1309351470137_A.wav,2.6345
b,normal__258_1309352253234_C.wav,normal,,B,,/home/agiuser/FypProj/data/raw/DataSet1/set_b/normal__258_1309352253234_C.wav,3.0555
b,normal__260_1309353164458_C.wav,normal,,B,,/home/agiuser/FypProj/data/raw/DataSet1/set_b/normal__260_1309353164458_C.wav,5.1525
b,normal__261_1309353556003_B.wav,normal,,B,,/home/agiuser/FypProj/data/raw/DataSet1/set_b/normal__261_1309353556003_B.wav,2.97725
b,normal__262_1309355283807_A.wav,normal,,B,,/home/agiuser/FypProj/data/raw/DataSet1/set_b/normal__262_1309355283807_A.wav,3.163
b,normal__267_1309368735165_A.wav,normal,,B,,/home/agiuser/FypProj/data/raw/DataSet1/set_b/normal__267_1309368735165_A.wav,1.92975
b,normal__270_1309369533040_C.wav,normal,,B,,/home/agiuser/FypProj/data/raw/DataSet1/set_b/normal__270_1309369533040_C.wav,3.16775
b,normal__273_1309370841191_B.wav,normal,,B,,/home/agiuser/FypProj/data/raw/DataSet1/set_b/normal__273_1309370841191_B.wav,3.1655
b,normal__274_1311075637574_A1.wav,normal,,B,,/home/agiuser/FypProj/data/raw/DataSet1/set_b/normal__274_1311075637574_A1.wav,3.37625
b,normal__274_1311075637574_B.wav,normal,,B,,/home/agiuser/FypProj/data/raw/DataSet1/set_b/normal__274_1311075637574_B.wav,2.07925
b,normal__274_1311075637574_B1.wav,normal,,B,,/home/agiuser/FypProj/data/raw/DataSet1/set_b/normal__274_1311075637574_B1.wav,1.9485
b,normal__274_1311075637574_D.wav,normal,,B,,/home/agiuser/FypProj/data/raw/DataSet1/set_b/normal__274_1311075637574_D.wav,1.96975
b,normal__278_1311163365896_A.wav,normal,,B,,/home/agiuser/FypProj/data/raw/DataSet1/set_b/normal__278_1311163365896_A.wav,3.442
b,normal__278_1311163365896_A1.wav,normal,,B,,/home/agiuser/FypProj/data/raw/DataSet1/set_b/normal__278_1311163365896_A1.wav,2.7285
b,normal__280_1311165195344_A.wav,normal,,B,,/home/agiuser/FypProj/data/raw/DataSet1/set_b/normal__280_1311165195344_A.wav,3.26775
b,normal__282_1311166081161_C.wav,normal,,B,,/home/agiuser/FypProj/data/raw/DataSet1/set_b/normal__282_1311166081161_C.wav,1.659
b,normal__283_1311167409239_A.wav,normal,,B,,/home/agiuser/FypProj/data/raw/DataSet1/set_b/normal__283_1311167409239_A.wav,1.34825
b,normal__286_1311170606028_A.wav,normal,,B,,/home/agiuser/FypProj/data/raw/DataSet1/set_b/normal__286_1311170606028_A.wav,1.5475
b,normal__286_1311170606028_A1.wav,normal,,B,,/home/agiuser/FypProj/data/raw/DataSet1/set_b/normal__286_1311170606028_A1.wav,1.03925
b,normal__286_1311170606028_B1.wav,normal,,B,,/home/agiuser/FypProj/data/raw/DataSet1/set_b/normal__286_1311170606028_B1.wav,2.30525
b,normal__286_1311170606028_C.wav,normal,,B,,/home/agiuser/FypProj/data/raw/DataSet1/set_b/normal__286_1311170606028_C.wav,8.38675
b,normal__290_1311182875320_A.wav,normal,,B,,/home/agiuser/FypProj/data/raw/DataSet1/set_b/normal__290_1311182875320_A.wav,3.36875
b,normal__291_1311185210672_A.wav,normal,,B,,/home/agiuser/FypProj/data/raw/DataSet1/set_b/normal__291_1311185210672_A.wav,2.58125
b,normal__294_1311681084248_A.wav,normal,,B,,/home/agiuser/FypProj/data/raw/DataSet1/set_b/normal__294_1311681084248_A.wav,10.25225
b,normal__294_1311681084248_B.wav,normal,,B,,/home/agiuser/FypProj/data/raw/DataSet1/set_b/normal__294_1311681084248_B.wav,4.7425
b,normal__294_1311681084248_D1.wav,normal,,B,,/home/agiuser/FypProj/data/raw/DataSet1/set_b/normal__294_1311681084248_D1.wav,8.9415
b,normal__295_1311682673157_D.wav,normal,,B,,/home/agiuser/FypProj/data/raw/DataSet1/set_b/normal__295_1311682673157_D.wav,1.488
b,normal__296_1311682952647_A1.wav,normal,,B,,/home/agiuser/FypProj/data/raw/DataSet1/set_b/normal__296_1311682952647_A1.wav,0.76325
b,normal__296_1311682952647_A2.wav,normal,,B,,/home/agiuser/FypProj/data/raw/DataSet1/set_b/normal__296_1311682952647_A2.wav,1.236
b,normal__298_1311685888900_B.wav,normal,,B,,/home/agiuser/FypProj/data/raw/DataSet1/set_b/normal__298_1311685888900_B.wav,6.89
b,normal__299_1311770522820_C.wav,normal,,B,,/home/agiuser/FypProj/data/raw/DataSet1/set_b/normal__299_1311770522820_C.wav,5.081
b,normal__300_1311772096120_C1.wav,normal,,B,,/home/agiuser/FypProj/data/raw/DataSet1/set_b/normal__300_1311772096120_C1.wav,5.411
b,Bunlabelledtest__101_1305030823364_A.wav,Bunlabelledtest,,B,,/home/agiuser/FypProj/data/raw/DataSet1/set_b/Bunlabelledtest__101_1305030823364_A.wav,10.59625
b,Bunlabelledtest__101_1305030823364_D.wav,Bunlabelledtest,,B,,/home/agiuser/FypProj/data/raw/DataSet1/set_b/Bunlabelledtest__101_1305030823364_D.wav,21.77675
b,Bunlabelledtest__101_1305030823364_F.wav,Bunlabelledtest,,B,,/home/agiuser/FypProj/data/raw/DataSet1/set_b/Bunlabelledtest__101_1305030823364_F.wav,2.66175
b,Bunlabelledtest__103_1305031931979_A.wav,Bunlabelledtest,,B,,/home/agiuser/FypProj/data/raw/DataSet1/set_b/Bunlabelledtest__103_1305031931979_A.wav,7.22475
b,Bunlabelledtest__103_1305031931979_C.wav,Bunlabelledtest,,B,,/home/agiuser/FypProj/data/raw/DataSet1/set_b/Bunlabelledtest__103_1305031931979_C.wav,8.429
b,Bunlabelledtest__105_1305033453095_B.wav,Bunlabelledtest,,B,,/home/agiuser/FypProj/data/raw/DataSet1/set_b/Bunlabelledtest__105_1305033453095_B.wav,10.046
b,Bunlabelledtest__105_1305033453095_D.wav,Bunlabelledtest,,B,,/home/agiuser/FypProj/data/raw/DataSet1/set_b/Bunlabelledtest__105_1305033453095_D.wav,15.44725
b,Bunlabelledtest__106_1306776721273_B.wav,Bunlabelledtest,,B,,/home/agiuser/FypProj/data/raw/DataSet1/set_b/Bunlabelledtest__106_1306776721273_B.wav,3.03725
b,Bunlabelledtest__106_1306776721273_D.wav,Bunlabelledtest,,B,,/home/agiuser/FypProj/data/raw/DataSet1/set_b/Bunlabelledtest__106_1306776721273_D.wav,4.513
b,Bunlabelledtest__107_1305654946865_B.wav,Bunlabelledtest,,B,,/home/agiuser/FypProj/data/raw/DataSet1/set_b/Bunlabelledtest__107_1305654946865_B.wav,9.24525
b,Bunlabelledtest__107_1305654946865_D.wav,Bunlabelledtest,,B,,/home/agiuser/FypProj/data/raw/DataSet1/set_b/Bunlabelledtest__107_1305654946865_D.wav,13.10775
b,Bunlabelledtest__108_1305654420093_C.wav,Bunlabelledtest,,B,,/home/agiuser/FypProj/data/raw/DataSet1/set_b/Bunlabelledtest__108_1305654420093_C.wav,21.812
b,Bunlabelledtest__109_1305653646620_B.wav,Bunlabelledtest,,B,,/home/agiuser/FypProj/data/raw/DataSet1/set_b/Bunlabelledtest__109_1305653646620_B.wav,12.867
b,Bunlabelledtest__109_1305653646620_D.wav,Bunlabelledtest,,B,,/home/agiuser/FypProj/data/raw/DataSet1/set_b/Bunlabelledtest__109_1305653646620_D.wav,14.071
b,Bunlabelledtest__109_1305653972028_B.wav,Bunlabelledtest,,B,,/home/agiuser/FypProj/data/raw/DataSet1/set_b/Bunlabelledtest__109_1305653972028_B.wav,4.62925
b,Bunlabelledtest__109_1305653972028_D.wav,Bunlabelledtest,,B,,/home/agiuser/FypProj/data/raw/DataSet1/set_b/Bunlabelledtest__109_1305653972028_D.wav,8.257
b,Bunlabelledtest__110_1305655332337_D.wav,Bunlabelledtest,,B,,/home/agiuser/FypProj/data/raw/DataSet1/set_b/Bunlabelledtest__110_1305655332337_D.wav,11.078
b,Bunlabelledtest__112_1306243000964_C.wav,Bunlabelledtest,,B,,/home/agiuser/FypProj/data/raw/DataSet1/set_b/Bunlabelledtest__112_1306243000964_C.wav,4.114
b,Bunlabelledtest__113_1306244002866_C.wav,Bunlabelledtest,,B,,/home/agiuser/FypProj/data/raw/DataSet1/set_b/Bunlabelledtest__113_1306244002866_C.wav,5.382
b,Bunlabelledtest__115_1306259437619_D.wav,Bunlabelledtest,,B,,/home/agiuser/FypProj/data/raw/DataSet1/set_b/Bunlabelledtest__115_1306259437619_D.wav,10.80275
b,Bunlabelledtest__116_1306258689913_B.wav,Bunlabelledtest,,B,,/home/agiuser/FypProj/data/raw/DataSet1/set_b/Bunlabelledtest__116_1306258689913_B.wav,11.68
b,Bunlabelledtest__117_1306262456650_B1.wav,Bunlabelledtest,,B,,/home/agiuser/FypProj/data/raw/DataSet1/set_b/Bunlabelledtest__117_1306262456650_B1.wav,7.65725
b,Bunlabelledtest__118_1306262335509_A.wav,Bunlabelledtest,,B,,/home/agiuser/FypProj/data/raw/DataSet1/set_b/Bunlabelledtest__118_1306262335509_A.wav,5.7495
b,Bunlabelledtest__118_1306262335509_A1.wav,Bunlabelledtest,,B,,/home/agiuser/FypProj/data/raw/DataSet1/set_b/Bunlabelledtest__118_1306262335509_A1.wav,4.73825
b,Bunlabelledtest__118_1306262335509_C2.wav,Bunlabelledtest,,B,,/home/agiuser/FypProj/data/raw/DataSet1/set_b/Bunlabelledtest__118_1306262335509_C2.wav,3.74875
b,Bunlabelledtest__121_1306263877235_B.wav,Bunlabelledtest,,B,,/home/agiuser/FypProj/data/raw/DataSet1/set_b/Bunlabelledtest__121_1306263877235_B.wav,12.66075
b,Bunlabelledtest__122_1306325762831_A.wav,Bunlabelledtest,,B,,/home/agiuser/FypProj/data/raw/DataSet1/set_b/Bunlabelledtest__122_1306325762831_A.wav,8.66975
b,Bunlabelledtest__122_1306325762831_B.wav,Bunlabelledtest,,B,,/home/agiuser/FypProj/data/raw/DataSet1/set_b/Bunlabelledtest__122_1306325762831_B.wav,7.5
b,Bunlabelledtest__123_1306331925797_A.wav,Bunlabelledtest,,B,,/home/agiuser/FypProj/data/raw/DataSet1/set_b/Bunlabelledtest__123_1306331925797_A.wav,15.8945
b,Bunlabelledtest__123_1306331925797_D.wav,Bunlabelledtest,,B,,/home/agiuser/FypProj/data/raw/DataSet1/set_b/Bunlabelledtest__123_1306331925797_D.wav,14.312
b,Bunlabelledtest__125_1306332456645_B2.wav,Bunlabelledtest,,B,,/home/agiuser/FypProj/data/raw/DataSet1/set_b/Bunlabelledtest__125_1306332456645_B2.wav,4.62025
b,Bunlabelledtest__126_1306777102824_C1.wav,Bunlabelledtest,,B,,/home/agiuser/FypProj/data/raw/DataSet1/set_b/Bunlabelledtest__126_1306777102824_C1.wav,3.12425
b,Bunlabelledtest__126_1306777102824_D1.wav,Bunlabelledtest,,B,,/home/agiuser/FypProj/data/raw/DataSet1/set_b/Bunlabelledtest__126_1306777102824_D1.wav,11.16225
b,Bunlabelledtest__127_1306764300147_D.wav,Bunlabelledtest,,B,,/home/agiuser/FypProj/data/raw/DataSet1/set_b/Bunlabelledtest__127_1306764300147_D.wav,3.63625
b,Bunlabelledtest__128_1306344005749_C.wav,Bunlabelledtest,,B,,/home/agiuser/FypProj/data/raw/DataSet1/set_b/Bunlabelledtest__128_1306344005749_C.wav,11.3875
b,Bunlabelledtest__129_1306344506305_B.wav,Bunlabelledtest,,B,,/home/agiuser/FypProj/data/raw/DataSet1/set_b/Bunlabelledtest__129_1306344506305_B.wav,2.6175
b,Bunlabelledtest__130_1306347376079_A.wav,Bunlabelledtest,,B,,/home/agiuser/FypProj/data/raw/DataSet1/set_b/Bunlabelledtest__130_1306347376079_A.wav,20.5735
b,Bunlabelledtest__132_1306758754432_A.wav,Bunlabelledtest,,B,,/home/agiuser/FypProj/data/raw/DataSet1/set_b/Bunlabelledtest__132_1306758754432_A.wav,7.39275
b,Bunlabelledtest__132_1306758754432_B.wav,Bunlabelledtest,,B,,/home/agiuser/FypProj/data/raw/DataSet1/set_b/Bunlabelledtest__132_1306758754432_B.wav,7.53625
b,Bunlabelledtest__132_1306758754432_D.wav,Bunlabelledtest,,B,,/home/agiuser/FypProj/data/raw/DataSet1/set_b/Bunlabelledtest__132_1306758754432_D.wav,13.9335
b,Bunlabelledtest__134_1306428161797_A.wav,Bunlabelledtest,,B,,/home/agiuser/FypProj/data/raw/DataSet1/set_b/Bunlabelledtest__134_1306428161797_A.wav,12.11025
b,Bunlabelledtest__134_1306428161797_B.wav,Bunlabelledtest,,B,,/home/agiuser/FypProj/data/raw/DataSet1/set_b/Bunlabelledtest__134_1306428161797_B.wav,5.795
b,Bunlabelledtest__135_1306428972976_D.wav,Bunlabelledtest,,B,,/home/agiuser/FypProj/data/raw/DataSet1/set_b/Bunlabelledtest__135_1306428972976_D.wav,8.80725
b,Bunlabelledtest__136_1306429977501_A.wav,Bunlabelledtest,,B,,/home/agiuser/FypProj/data/raw/DataSet1/set_b/Bunlabelledtest__136_1306429977501_A.wav,8.4375
b,Bunlabelledtest__136_1306429977501_D.wav,Bunlabelledtest,,B,,/home/agiuser/FypProj/data/raw/DataSet1/set_b/Bunlabelledtest__136_1306429977501_D.wav,2.76575
b,Bunlabelledtest__137_1306764999211_A.wav,Bunlabelledtest,,B,,/home/agiuser/FypProj/data/raw/DataSet1/set_b/Bunlabelledtest__137_1306764999211_A.wav,2.922
b,Bunlabelledtest__137_1306764999211_B1.wav,Bunlabelledtest,,B,,/home/agiuser/FypProj/data/raw/DataSet1/set_b/Bunlabelledtest__137_1306764999211_B1.wav,4.1375
b,Bunlabelledtest__137_1306764999211_D2.wav,Bunlabelledtest,,B,,/home/agiuser/FypProj/data/raw/DataSet1/set_b/Bunlabelledtest__137_1306764999211_D2.wav,4.25825
b,Bunlabelledtest__138_1306762146980_C.wav,Bunlabelledtest,,B,,/home/agiuser/FypProj/data/raw/DataSet1/set_b/Bunlabelledtest__138_1306762146980_C.wav,9.83775
b,Bunlabelledtest__139_1306519274653_B.wav,Bunlabelledtest,,B,,/home/agiuser/FypProj/data/raw/DataSet1/set_b/Bunlabelledtest__139_1306519274653_B.wav,14.65925
b,Bunlabelledtest__139_1306519274653_C.wav,Bunlabelledtest,,B,,/home/agiuser/FypProj/data/raw/DataSet1/set_b/Bunlabelledtest__139_1306519274653_C.wav,7.6705
b,Bunlabelledtest__141_1306520154450_A.wav,Bunlabelledtest,,B,,/home/agiuser/FypProj/data/raw/DataSet1/set_b/Bunlabelledtest__141_1306520154450_A.wav,3.348
b,Bunlabelledtest__141_1306520154450_D.wav,Bunlabelledtest,,B,,/home/agiuser/FypProj/data/raw/DataSet1/set_b/Bunlabelledtest__141_1306520154450_D.wav,7.15925
b,Bunlabelledtest__142_1306763049574_C.wav,Bunlabelledtest,,B,,/home/agiuser/FypProj/data/raw/DataSet1/set_b/Bunlabelledtest__142_1306763049574_C.wav,11.804
b,Bunlabelledtest__143_1306763822290_D.wav,Bunlabelledtest,,B,,/home/agiuser/FypProj/data/raw/DataSet1/set_b/Bunlabelledtest__143_1306763822290_D.wav,10.67475
b,Bunlabelledtest__144_1306522408528_A.wav,Bunlabelledtest,,B,,/home/agiuser/FypProj/data/raw/DataSet1/set_b/Bunlabelledtest__144_1306522408528_A.wav,3.195
b,Bunlabelledtest__145_1307987561278_A.wav,Bunlabelledtest,,B,,/home/agiuser/FypProj/data/raw/DataSet1/set_b/Bunlabelledtest__145_1307987561278_A.wav,13.3805
b,Bunlabelledtest__145_1307987561278_D.wav,Bunlabelledtest,,B,,/home/agiuser/FypProj/data/raw/DataSet1/set_b/Bunlabelledtest__145_1307987561278_D.wav,9.63075
b,Bunlabelledtest__146_1306778707532_C.wav,Bunlabelledtest,,B,,/home/agiuser/FypProj/data/raw/DataSet1/set_b/Bunlabelledtest__146_1306778707532_C.wav,8.23275
b,Bunlabelledtest__146_1306778707532_D31.wav,Bunlabelledtest,,B,,/home/agiuser/FypProj/data/raw/DataSet1/set_b/Bunlabelledtest__146_1306778707532_D31.wav,3.8305
b,Bunlabelledtest__147_1306523973811_D.wav,Bunlabelledtest,,B,,/home/agiuser/FypProj/data/raw/DataSet1/set_b/Bunlabelledtest__147_1306523973811_D.wav,4.47075
b,Bunlabelledtest__148_1306768801551_A.wav,Bunlabelledtest,,B,,/home/agiuser/FypProj/data/raw/DataSet1/set_b/Bunlabelledtest__148_1306768801551_A.wav,7.92625
b,Bunlabelledtest__148_1306768801551_C.wav,Bunlabelledtest,,B,,/home/agiuser/FypProj/data/raw/DataSet1/set_b/Bunlabelledtest__148_1306768801551_C.wav,2.944
b,Bunlabelledtest__148_1306768801551_D.wav,Bunlabelledtest,,B,,/home/agiuser/FypProj/data/raw/DataSet1/set_b/Bunlabelledtest__148_1306768801551_D.wav,4.4135
b,Bunlabelledtest__149_1306776016110_C.wav,Bunlabelledtest,,B,,/home/agiuser/FypProj/data/raw/DataSet1/set_b/Bunlabelledtest__149_1306776016110_C.wav,6.7285
b,Bunlabelledtest__150_1306776340746_D.wav,Bunlabelledtest,,B,,/home/agiuser/FypProj/data/raw/DataSet1/set_b/Bunlabelledtest__150_1306776340746_D.wav,7.79825
b,Bunlabelledtest__151_1306779785624_A1.wav,Bunlabelledtest,,B,,/home/agiuser/FypProj/data/raw/DataSet1/set_b/Bunlabelledtest__151_1306779785624_A1.wav,7.342
b,Bunlabelledtest__152_1306779561195_B.wav,Bunlabelledtest,,B,,/home/agiuser/FypProj/data/raw/DataSet1/set_b/Bunlabelledtest__152_1306779561195_B.wav,2.59675
b,Bunlabelledtest__152_1306779561195_C.wav,Bunlabelledtest,,B,,/home/agiuser/FypProj/data/raw/DataSet1/set_b/Bunlabelledtest__152_1306779561195_C.wav,4.8315
b,Bunlabelledtest__152_1306779561195_D1.wav,Bunlabelledtest,,B,,/home/agiuser/FypProj/data/raw/DataSet1/set_b/Bunlabelledtest__152_1306779561195_D1.wav,4.94675
b,Bunlabelledtest__153_1306848820671_D.wav,Bunlabelledtest,,B,,/home/agiuser/FypProj/data/raw/DataSet1/set_b/Bunlabelledtest__153_1306848820671_D.wav,1.91525
b,Bunlabelledtest__154_1306935608852_A.wav,Bunlabelledtest,,B,,/home/agiuser/FypProj/data/raw/DataSet1/set_b/Bunlabelledtest__154_1306935608852_A.wav,2.11025
b,Bunlabelledtest__154_1306935608852_A2.wav,Bunlabelledtest,,B,,/home/agiuser/FypProj/data/raw/DataSet1/set_b/Bunlabelledtest__154_1306935608852_A2.wav,1.47075
b,Bunlabelledtest__154_1306935608852_D.wav,Bunlabelledtest,,B,,/home/agiuser/FypProj/data/raw/DataSet1/set_b/Bunlabelledtest__154_1306935608852_D.wav,4.76475
b,Bunlabelledtest__154_1306935608852_D1.wav,Bunlabelledtest,,B,,/home/agiuser/FypProj/data/raw/DataSet1/set_b/Bunlabelledtest__154_1306935608852_D1.wav,2.0855
b,Bunlabelledtest__155_1306935902813_B.wav,Bunlabelledtest,,B,,/home/agiuser/FypProj/data/raw/DataSet1/set_b/Bunlabelledtest__155_1306935902813_B.wav,1.907
b,Bunlabelledtest__155_1306935902813_B2.wav,Bunlabelledtest,,B,,/home/agiuser/FypProj/data/raw/DataSet1/set_b/Bunlabelledtest__155_1306935902813_B2.wav,5.32075
b,Bunlabelledtest__155_1306935902813_D.wav,Bunlabelledtest,,B,,/home/agiuser/FypProj/data/raw/DataSet1/set_b/Bunlabelledtest__155_1306935902813_D.wav,6.43475
b,Bunlabelledtest__156_1306936373241_C.wav,Bunlabelledtest,,B,,/home/agiuser/FypProj/data/raw/DataSet1/set_b/Bunlabelledtest__156_1306936373241_C.wav,6.0085
b,Bunlabelledtest__156_1306936373241_D.wav,Bunlabelledtest,,B,,/home/agiuser/FypProj/data/raw/DataSet1/set_b/Bunlabelledtest__156_1306936373241_D.wav,5.78175
b,Bunlabelledtest__157_1306937583792_C.wav,Bunlabelledtest,,B,,/home/agiuser/FypProj/data/raw/DataSet1/set_b/Bunlabelledtest__157_1306937583792_C.wav,9.7585
b,Bunlabelledtest__159_1307018640315_A.wav,Bunlabelledtest,,B,,/home/agiuser/FypProj/data/raw/DataSet1/set_b/Bunlabelledtest__159_1307018640315_A.wav,3.84925
b,Bunlabelledtest__159_1307018640315_B.wav,Bunlabelledtest,,B,,/home/agiuser/FypProj/data/raw/DataSet1/set_b/Bunlabelledtest__159_1307018640315_B.wav,2.018
b,Bunlabelledtest__159_1307018640315_C.wav,Bunlabelledtest,,B,,/home/agiuser/FypProj/data/raw/DataSet1/set_b/Bunlabelledtest__159_1307018640315_C.wav,1.95475
b,Bunlabelledtest__160_1307100683334_C.wav,Bunlabelledtest,,B,,/home/agiuser/FypProj/data/raw/DataSet1/set_b/Bunlabelledtest__160_1307100683334_C.wav,7.66725
b,Bunlabelledtest__161_1307101199321_D.wav,Bunlabelledtest,,B,,/home/agiuser/FypProj/data/raw/DataSet1/set_b/Bunlabelledtest__161_1307101199321_D.wav,4.77275
b,Bunlabelledtest__162_1307101835989_C.wav,Bunlabelledtest,,B,,/home/agiuser/FypProj/data/raw/DataSet1/set_b/Bunlabelledtest__162_1307101835989_C.wav,8.949
b,Bunlabelledtest__163_1307104470471_B.wav,Bunlabelledtest,,B,,/home/agiuser/FypProj/data/raw/DataSet1/set_b/Bunlabelledtest__163_1307104470471_B.wav,2.507
b,Bunlabelledtest__163_1307104470471_B1.wav,Bunlabelledtest,,B,,/home/agiuser/FypProj/data/raw/DataSet1/set_b/Bunlabelledtest__163_1307104470471_B1.wav,1.33425
b,Bunlabelledtest__163_1307104470471_D.wav,Bunlabelledtest,,B,,/home/agiuser/FypProj/data/raw/DataSet1/set_b/Bunlabelledtest__163_1307104470471_D.wav,2.602
b,Bunlabelledtest__164_1307106095995_D.wav,Bunlabelledtest,,B,,/home/agiuser/FypProj/data/raw/DataSet1/set_b/Bunlabelledtest__164_1307106095995_D.wav,12.93325
b,Bunlabelledtest__165_1307109069581_B.wav,Bunlabelledtest,,B,,/home/agiuser/FypProj/data/raw/DataSet1/set_b/Bunlabelledtest__165_1307109069581_B.wav,11.42025
b,Bunlabelledtest__167_1307111318050_C1.wav,Bunlabelledtest,,B,,/home/agiuser/FypProj/data/raw/DataSet1/set_b/Bunlabelledtest__167_1307111318050_C1.wav,3.8485
b,Bunlabelledtest__167_1307111318050_D.wav,Bunlabelledtest,,B,,/home/agiuser/FypProj/data/raw/DataSet1/set_b/Bunlabelledtest__167_1307111318050_D.wav,5.37725
b,Bunlabelledtest__169_1307970398039_B.wav,Bunlabelledtest,,B,,/home/agiuser/FypProj/data/raw/DataSet1/set_b/Bunlabelledtest__169_1307970398039_B.wav,19.1335
b,Bunlabelledtest__169_1307970398039_C1.wav,Bunlabelledtest,,B,,/home/agiuser/FypProj/data/raw/DataSet1/set_b/Bunlabelledtest__169_1307970398039_C1.wav,8.7635
b,Bunlabelledtest__170_1307970562729_D.wav,Bunlabelledtest,,B,,/home/agiuser/FypProj/data/raw/DataSet1/set_b/Bunlabelledtest__170_1307970562729_D.wav,20.35725
b,Bunlabelledtest__171_1307971016233_C.wav,Bunlabelledtest,,B,,/home/agiuser/FypProj/data/raw/DataSet1/set_b/Bunlabelledtest__171_1307971016233_C.wav,4.453
b,Bunlabelledtest__171_1307971016233_F.wav,Bunlabelledtest,,B,,/home/agiuser/FypProj/data/raw/DataSet1/set_b/Bunlabelledtest__171_1307971016233_F.wav,2.262
b,Bunlabelledtest__172_1307971284351_C.wav,Bunlabelledtest,,B,,/home/agiuser/FypProj/data/raw/DataSet1/set_b/Bunlabelledtest__172_1307971284351_C.wav,2.6555
b,Bunlabelledtest__172_1307971284351_D.wav,Bunlabelledtest,,B,,/home/agiuser/FypProj/data/raw/DataSet1/set_b/Bunlabelledtest__172_1307971284351_D.wav,21.30675
b,Bunlabelledtest__173_1307973611151_D.wav,Bunlabelledtest,,B,,/home/agiuser/FypProj/data/raw/DataSet1/set_b/Bunlabelledtest__173_1307973611151_D.wav,2.306
b,Bunlabelledtest__174_1307987737137_C.wav,Bunlabelledtest,,B,,/home/agiuser/FypProj/data/raw/DataSet1/set_b/Bunlabelledtest__174_1307987737137_C.wav,5.26525
b,Bunlabelledtest__175_1307987962616_C.wav,Bunlabelledtest,,B,,/home/agiuser/FypProj/data/raw/DataSet1/set_b/Bunlabelledtest__175_1307987962616_C.wav,2.57775
b,Bunlabelledtest__176_1307988171173_A1.wav,Bunlabelledtest,,B,,/home/agiuser/FypProj/data/raw/DataSet1/set_b/Bunlabelledtest__176_1307988171173_A1.wav,3.11775
b,Bunlabelledtest__176_1307988171173_C.wav,Bunlabelledtest,,B,,/home/agiuser/FypProj/data/raw/DataSet1/set_b/Bunlabelledtest__176_1307988171173_C.wav,3.52175
b,Bunlabelledtest__176_1307988171173_C1.wav,Bunlabelledtest,,B,,/home/agiuser/FypProj/data/raw/DataSet1/set_b/Bunlabelledtest__176_1307988171173_C1.wav,2.585
b,Bunlabelledtest__177_1307989650056_C.wav,Bunlabelledtest,,B,,/home/agiuser/FypProj/data/raw/DataSet1/set_b/Bunlabelledtest__177_1307989650056_C.wav,2.9615
b,Bunlabelledtest__178_1307989887769_A.wav,Bunlabelledtest,,B,,/home/agiuser/FypProj/data/raw/DataSet1/set_b/Bunlabelledtest__178_1307989887769_A.wav,3.929
b,Bunlabelledtest__179_1307990076841_D1.wav,Bunlabelledtest,,B,,/home/agiuser/FypProj/data/raw/DataSet1/set_b/Bunlabelledtest__179_1307990076841_D1.wav,2.913
b,Bunlabelledtest__180_1307990956284_B.wav,Bunlabelledtest,,B,,/home/agiuser/FypProj/data/raw/DataSet1/set_b/Bunlabelledtest__180_1307990956284_B.wav,12.236
b,Bunlabelledtest__180_1307990956284_D.wav,Bunlabelledtest,,B,,/home/agiuser/FypProj/data/raw/DataSet1/set_b/Bunlabelledtest__180_1307990956284_D.wav,2.919
b,Bunlabelledtest__181_1308052613891_C.wav,Bunlabelledtest,,B,,/home/agiuser/FypProj/data/raw/DataSet1/set_b/Bunlabelledtest__181_1308052613891_C.wav,5.56625
b,Bunlabelledtest__184_1308073010307_C.wav,Bunlabelledtest,,B,,/home/agiuser/FypProj/data/raw/DataSet1/set_b/Bunlabelledtest__184_1308073010307_C.wav,5.47925
b,Bunlabelledtest__186_1308073648738_C.wav,Bunlabelledtest,,B,,/home/agiuser/FypProj/data/raw/DataSet1/set_b/Bunlabelledtest__186_1308073648738_C.wav,2.23225
b,Bunlabelledtest__186_1308073648738_D1.wav,Bunlabelledtest,,B,,/home/agiuser/FypProj/data/raw/DataSet1/set_b/Bunlabelledtest__186_1308073648738_D1.wav,6.40875
b,Bunlabelledtest__187_1308073994223_C.wav,Bunlabelledtest,,B,,/home/agiuser/FypProj/data/raw/DataSet1/set_b/Bunlabelledtest__187_1308073994223_C.wav,2.554
b,Bunlabelledtest__189_1308075231945_A.wav,Bunlabelledtest,,B,,/home/agiuser/FypProj/data/raw/DataSet1/set_b/Bunlabelledtest__189_1308075231945_A.wav,1.78575
b,Bunlabelledtest__189_1308075231945_C.wav,Bunlabelledtest,,B,,/home/agiuser/FypProj/data/raw/DataSet1/set_b/Bunlabelledtest__189_1308075231945_C.wav,10.909
b,Bunlabelledtest__191_1308077299430_C.wav,Bunlabelledtest,,B,,/home/agiuser/FypProj/data/raw/DataSet1/set_b/Bunlabelledtest__191_1308077299430_C.wav,18.35825
b,Bunlabelledtest__191_1308077299430_D.wav,Bunlabelledtest,,B,,/home/agiuser/FypProj/data/raw/DataSet1/set_b/Bunlabelledtest__191_1308077299430_D.wav,3.07875
b,Bunlabelledtest__193_1308078104592_A.wav,Bunlabelledtest,,B,,/home/agiuser/FypProj/data/raw/DataSet1/set_b/Bunlabelledtest__193_1308078104592_A.wav,11.12225
b,Bunlabelledtest__193_1308078104592_D.wav,Bunlabelledtest,,B,,/home/agiuser/FypProj/data/raw/DataSet1/set_b/Bunlabelledtest__193_1308078104592_D.wav,22.7995
b,Bunlabelledtest__194_1308139824187_C.wav,Bunlabelledtest,,B,,/home/agiuser/FypProj/data/raw/DataSet1/set_b/Bunlabelledtest__194_1308139824187_C.wav,4.59325
b,Bunlabelledtest__195_1308140095331_D.wav,Bunlabelledtest,,B,,/home/agiuser/FypProj/data/raw/DataSet1/set_b/Bunlabelledtest__195_1308140095331_D.wav,4.047
b,Bunlabelledtest__196_1308141034858_D.wav,Bunlabelledtest,,B,,/home/agiuser/FypProj/data/raw/DataSet1/set_b/Bunlabelledtest__196_1308141034858_D.wav,2.642
b,Bunlabelledtest__197_1308141235553_B.wav,Bunlabelledtest,,B,,/home/agiuser/FypProj/data/raw/DataSet1/set_b/Bunlabelledtest__197_1308141235553_B.wav,14.3335
b,Bunlabelledtest__200_1308144251434_C1.wav,Bunlabelledtest,,B,,/home/agiuser/FypProj/data/raw/DataSet1/set_b/Bunlabelledtest__200_1308144251434_C1.wav,2.688
b,Bunlabelledtest__201_1308144942432_B.wav,Bunlabelledtest,,B,,/home/agiuser/FypProj/data/raw/DataSet1/set_b/Bunlabelledtest__201_1308144942432_B.wav,8.52275
b,Bunlabelledtest__202_1308145175747_B.wav,Bunlabelledtest,,B,,/home/agiuser/FypProj/data/raw/DataSet1/set_b/Bunlabelledtest__202_1308145175747_B.wav,4.0455
b,Bunlabelledtest__203_1308162026258_C.wav,Bunlabelledtest,,B,,/home/agiuser/FypProj/data/raw/DataSet1/set_b/Bunlabelledtest__203_1308162026258_C.wav,3.52125
b,Bunlabelledtest__204_1308159229275_B1.wav,Bunlabelledtest,,B,,/home/agiuser/FypProj/data/raw/DataSet1/set_b/Bunlabelledtest__204_1308159229275_B1.wav,4.8315
b,Bunlabelledtest__206_1308159601959_C1.wav,Bunlabelledtest,,B,,/home/agiuser/FypProj/data/raw/DataSet1/set_b/Bunlabelledtest__206_1308159601959_C1.wav,4.4135
b,Bunlabelledtest__207_1308159792607_B3.wav,Bunlabelledtest,,B,,/home/agiuser/FypProj/data/raw/DataSet1/set_b/Bunlabelledtest__207_1308159792607_B3.wav,1.254
b,Bunlabelledtest__209_1308162216750_B.wav,Bunlabelledtest,,B,,/home/agiuser/FypProj/data/raw/DataSet1/set_b/Bunlabelledtest__209_1308162216750_B.wav,14.209
b,Bunlabelledtest__209_1308162216750_C.wav,Bunlabelledtest,,B,,/home/agiuser/FypProj/data/raw/DataSet1/set_b/Bunlabelledtest__209_1308162216750_C.wav,10.3035
b,Bunlabelledtest__210_1308162935880_D.wav,Bunlabelledtest,,B,,/home/agiuser/FypProj/data/raw/DataSet1/set_b/Bunlabelledtest__210_1308162935880_D.wav,2.9545
b,Bunlabelledtest__212_1308245076477_C.wav,Bunlabelledtest,,B,,/home/agiuser/FypProj/data/raw/DataSet1/set_b/Bunlabelledtest__212_1308245076477_C.wav,1.22425
b,Bunlabelledtest__213_1308245263936_B.wav,Bunlabelledtest,,B,,/home/agiuser/FypProj/data/raw/DataSet1/set_b/Bunlabelledtest__213_1308245263936_B.wav,3.613
b,Bunlabelledtest__214_1308245489717_A1.wav,Bunlabelledtest,,B,,/home/agiuser/FypProj/data/raw/DataSet1/set_b/Bunlabelledtest__214_1308245489717_A1.wav,1.41
b,Bunlabelledtest__215_1308245664733_D.wav,Bunlabelledtest,,B,,/home/agiuser/FypProj/data/raw/DataSet1/set_b/Bunlabelledtest__215_1308245664733_D.wav,4.3865
b,Bunlabelledtest__216_1308245839516_B1.wav,Bunlabelledtest,,B,,/home/agiuser/FypProj/data/raw/DataSet1/set_b/Bunlabelledtest__216_1308245839516_B1.wav,5.006
b,Bunlabelledtest__217_1308246111629_A.wav,Bunlabelledtest,,B,,/home/agiuser/FypProj/data/raw/DataSet1/set_b/Bunlabelledtest__217_1308246111629_A.wav,10.355
b,Bunlabelledtest__217_1308246111629_B.wav,Bunlabelledtest,,B,,/home/agiuser/FypProj/data/raw/DataSet1/set_b/Bunlabelledtest__217_1308246111629_B.wav,2.65125
b,Bunlabelledtest__217_1308246111629_D.wav,Bunlabelledtest,,B,,/home/agiuser/FypProj/data/raw/DataSet1/set_b/Bunlabelledtest__217_1308246111629_D.wav,3.216
b,Bunlabelledtest__220_1308250132896_A.wav,Bunlabelledtest,,B,,/home/agiuser/FypProj/data/raw/DataSet1/set_b/Bunlabelledtest__220_1308250132896_A.wav,1.97725
b,Bunlabelledtest__222_1308336218979_B.wav,Bunlabelledtest,,B,,/home/agiuser/FypProj/data/raw/DataSet1/set_b/Bunlabelledtest__222_1308336218979_B.wav,1.80625
b,Bunlabelledtest__227_1308594233667_D.wav,Bunlabelledtest,,B,,/home/agiuser/FypProj/data/raw/DataSet1/set_b/Bunlabelledtest__227_1308594233667_D.wav,24.44875
b,Bunlabelledtest__229_1308594979317_C.wav,Bunlabelledtest,,B,,/home/agiuser/FypProj/data/raw/DataSet1/set_b/Bunlabelledtest__229_1308594979317_C.wav,4.03675
b,Bunlabelledtest__231_1308748318393_B.wav,Bunlabelledtest,,B,,/home/agiuser/FypProj/data/raw/DataSet1/set_b/Bunlabelledtest__231_1308748318393_B.wav,11.52775
b,Bunlabelledtest__231_1308748318393_C.wav,Bunlabelledtest,,B,,/home/agiuser/FypProj/data/raw/DataSet1/set_b/Bunlabelledtest__231_1308748318393_C.wav,2.6245
b,Bunlabelledtest__232_1308748524018_A1.wav,Bunlabelledtest,,B,,/home/agiuser/FypProj/data/raw/DataSet1/set_b/Bunlabelledtest__232_1308748524018_A1.wav,1.52875
b,Bunlabelledtest__232_1308748524018_D.wav,Bunlabelledtest,,B,,/home/agiuser/FypProj/data/raw/DataSet1/set_b/Bunlabelledtest__232_1308748524018_D.wav,1.44075
b,Bunlabelledtest__235_1308749032454_C1.wav,Bunlabelledtest,,B,,/home/agiuser/FypProj/data/raw/DataSet1/set_b/Bunlabelledtest__235_1308749032454_C1.wav,1.0275
b,Bunlabelledtest__235_1308749032454_D1.wav,Bunlabelledtest,,B,,/home/agiuser/FypProj/data/raw/DataSet1/set_b/Bunlabelledtest__235_1308749032454_D1.wav,5.89575
b,Bunlabelledtest__237_1308750231222_C1.wav,Bunlabelledtest,,B,,/home/agiuser/FypProj/data/raw/DataSet1/set_b/Bunlabelledtest__237_1308750231222_C1.wav,2.457
b,Bunlabelledtest__239_1309195730333_D.wav,Bunlabelledtest,,B,,/home/agiuser/FypProj/data/raw/DataSet1/set_b/Bunlabelledtest__239_1309195730333_D.wav,4.52275
b,Bunlabelledtest__240_1309196119795_D.wav,Bunlabelledtest,,B,,/home/agiuser/FypProj/data/raw/DataSet1/set_b/Bunlabelledtest__240_1309196119795_D.wav,7.34025
b,Bunlabelledtest__242_1309197394064_A.wav,Bunlabelledtest,,B,,/home/agiuser/FypProj/data/raw/DataSet1/set_b/Bunlabelledtest__242_1309197394064_A.wav,2.679
b,Bunlabelledtest__242_1309197394064_C.wav,Bunlabelledtest,,B,,/home/agiuser/FypProj/data/raw/DataSet1/set_b/Bunlabelledtest__242_1309197394064_C.wav,3.9625
b,Bunlabelledtest__243_1309197760898_D.wav,Bunlabelledtest,,B,,/home/agiuser/FypProj/data/raw/DataSet1/set_b/Bunlabelledtest__243_1309197760898_D.wav,15.344
b,Bunlabelledtest__245_1309198844065_A.wav,Bunlabelledtest,,B,,/home/agiuser/FypProj/data/raw/DataSet1/set_b/Bunlabelledtest__245_1309198844065_A.wav,2.515
b,Bunlabelledtest__245_1309200438094_C.wav,Bunlabelledtest,,B,,/home/agiuser/FypProj/data/raw/DataSet1/set_b/Bunlabelledtest__245_1309200438094_C.wav,1.3
b,Bunlabelledtest__248_1309201683806_B.wav,Bunlabelledtest,,B,,/home/agiuser/FypProj/data/raw/DataSet1/set_b/Bunlabelledtest__248_1309201683806_B.wav,3.56725
b,Bunlabelledtest__248_1309201683806_D.wav,Bunlabelledtest,,B,,/home/agiuser/FypProj/data/raw/DataSet1/set_b/Bunlabelledtest__248_1309201683806_D.wav,16.31075
b,Bunlabelledtest__254_1309350589009_B.wav,Bunlabelledtest,,B,,/home/agiuser/FypProj/data/raw/DataSet1/set_b/Bunlabelledtest__254_1309350589009_B.wav,11.3875
b,Bunlabelledtest__255_1309351210897_B.wav,Bunlabelledtest,,B,,/home/agiuser/FypProj/data/raw/DataSet1/set_b/Bunlabelledtest__255_1309351210897_B.wav,1.8065
b,Bunlabelledtest__259_1309352630271_B.wav,Bunlabelledtest,,B,,/home/agiuser/FypProj/data/raw/DataSet1/set_b/Bunlabelledtest__259_1309352630271_B.wav,2.2755
b,Bunlabelledtest__260_1309353164458_A.wav,Bunlabelledtest,,B,,/home/agiuser/FypProj/data/raw/DataSet1/set_b/Bunlabelledtest__260_1309353164458_A.wav,3.76125
b,Bunlabelledtest__262_1309355283807_B.wav,Bunlabelledtest,,B,,/home/agiuser/FypProj/data/raw/DataSet1/set_b/Bunlabelledtest__262_1309355283807_B.wav,5.2135
b,Bunlabelledtest__264_1309356143724_A.wav,Bunlabelledtest,,B,,/home/agiuser/FypProj/data/raw/DataSet1/set_b/Bunlabelledtest__264_1309356143724_A.wav,9.56425
b,Bunlabelledtest__268_1309368960960_A.wav,Bunlabelledtest,,B,,/home/agiuser/FypProj/data/raw/DataSet1/set_b/Bunlabelledtest__268_1309368960960_A.wav,10.80275
b,Bunlabelledtest__268_1309368960960_E.wav,Bunlabelledtest,,B,,/home/agiuser/FypProj/data/raw/DataSet1/set_b/Bunlabelledtest__268_1309368960960_E.wav,3.62725
b,Bunlabelledtest__270_1309369533040_D.wav,Bunlabelledtest,,B,,/home/agiuser/FypProj/data/raw/DataSet1/set_b/Bunlabelledtest__270_1309369533040_D.wav,3.09875
b,Bunlabelledtest__271_1309369876160_B.wav,Bunlabelledtest,,B,,/home/agiuser/FypProj/data/raw/DataSet1/set_b/Bunlabelledtest__271_1309369876160_B.wav,11.5595
b,Bunlabelledtest__272_1309370164386_B.wav,Bunlabelledtest,,B,,/home/agiuser/FypProj/data/raw/DataSet1/set_b/Bunlabelledtest__272_1309370164386_B.wav,3.2
b,Bunlabelledtest__274_1311075637574_C.wav,Bunlabelledtest,,B,,/home/agiuser/FypProj/data/raw/DataSet1/set_b/Bunlabelledtest__274_1311075637574_C.wav,6.83375
b,Bunlabelledtest__278_1311163365896_C.wav,Bunlabelledtest,,B,,/home/agiuser/FypProj/data/raw/DataSet1/set_b/Bunlabelledtest__278_1311163365896_C.wav,1.934
b,Bunlabelledtest__278_1311163365896_D.wav,Bunlabelledtest,,B,,/home/agiuser/FypProj/data/raw/DataSet1/set_b/Bunlabelledtest__278_1311163365896_D.wav,17.20175
b,Bunlabelledtest__280_1311165195344_B.wav,Bunlabelledtest,,B,,/home/agiuser/FypProj/data/raw/DataSet1/set_b/Bunlabelledtest__280_1311165195344_B.wav,5.349
b,Bunlabelledtest__281_1311165683454_C.wav,Bunlabelledtest,,B,,/home/agiuser/FypProj/data/raw/DataSet1/set_b/Bunlabelledtest__281_1311165683454_C.wav,11.629
b,Bunlabelledtest__282_1311166081161_D.wav,Bunlabelledtest,,B,,/home/agiuser/FypProj/data/raw/DataSet1/set_b/Bunlabelledtest__282_1311166081161_D.wav,2.18
b,Bunlabelledtest__284_1311168471850_C.wav,Bunlabelledtest,,B,,/home/agiuser/FypProj/data/raw/DataSet1/set_b/Bunlabelledtest__284_1311168471850_C.wav,11.49075
b,Bunlabelledtest__286_1311170606028_B.wav,Bunlabelledtest,,B,,/home/agiuser/FypProj/data/raw/DataSet1/set_b/Bunlabelledtest__286_1311170606028_B.wav,2.58575
b,Bunlabelledtest__287_1311170903290_D.wav,Bunlabelledtest,,B,,/home/agiuser/FypProj/data/raw/DataSet1/set_b/Bunlabelledtest__287_1311170903290_D.wav,3.994
b,Bunlabelledtest__288_1311164615284_B.wav,Bunlabelledtest,,B,,/home/agiuser/FypProj/data/raw/DataSet1/set_b/Bunlabelledtest__288_1311164615284_B.wav,5.13725
b,Bunlabelledtest__290_1311182875320_B.wav,Bunlabelledtest,,B,,/home/agiuser/FypProj/data/raw/DataSet1/set_b/Bunlabelledtest__290_1311182875320_B.wav,1.61275
b,Bunlabelledtest__293_1311680805936_B.wav,Bunlabelledtest,,B,,/home/agiuser/FypProj/data/raw/DataSet1/set_b/Bunlabelledtest__293_1311680805936_B.wav,4.6345
b,Bunlabelledtest__293_1311680805936_B2.wav,Bunlabelledtest,,B,,/home/agiuser/FypProj/data/raw/DataSet1/set_b/Bunlabelledtest__293_1311680805936_B2.wav,2.69025
b,Bunlabelledtest__294_1311681084248_D.wav,Bunlabelledtest,,B,,/home/agiuser/FypProj/data/raw/DataSet1/set_b/Bunlabelledtest__294_1311681084248_D.wav,3.183
b,Bunlabelledtest__296_1311682952647_A.wav,Bunlabelledtest,,B,v,/home/agiuser/FypProj/data/raw/DataSet1/set_b/Bunlabelledtest__296_1311682952647_A.wav,1.28825
b,Bunlabelledtest__296_1311682952647_B.wav,Bunlabelledtest,,B,,/home/agiuser/FypProj/data/raw/DataSet1/set_b/Bunlabelledtest__296_1311682952647_B.wav,1.917
b,Bunlabelledtest__300_1311772096120_B.wav,Bunlabelledtest,,B,,/home/agiuser/FypProj/data/raw/DataSet1/set_b/Bunlabelledtest__300_1311772096120_B.wav,4.57075
b,Bunlabelledtest__300_1311772096120_C.wav,Bunlabelledtest,,B,,/home/agiuser/FypProj/data/raw/DataSet1/set_b/Bunlabelledtest__300_1311772096120_C.wav,4.05375
b,Bunlabelledtest__300_1311772096120_D.wav,Bunlabelledtest,,B,,/home/agiuser/FypProj/data/raw/DataSet1/set_b/Bunlabelledtest__300_1311772096120_D.wav,6.07725
b,murmur_noisymurmur_135_1306428972976_A.wav,murmur,noisymurmur,B,,/home/agiuser/FypProj/data/raw/DataSet1/set_b/murmur_noisymurmur_135_1306428972976_A.wav,9.014
b,murmur_noisymurmur_135_1306428972976_B.wav,murmur,noisymurmur,B,,/home/agiuser/FypProj/data/raw/DataSet1/set_b/murmur_noisymurmur_135_1306428972976_B.wav,9.15125
b,murmur_noisymurmur_135_1306428972976_C.wav,murmur,noisymurmur,B,,/home/agiuser/FypProj/data/raw/DataSet1/set_b/murmur_noisymurmur_135_1306428972976_C.wav,11.9035
b,murmur_noisymurmur_156_1306936373241_A.wav,murmur,noisymurmur,B,,/home/agiuser/FypProj/data/raw/DataSet1/set_b/murmur_noisymurmur_156_1306936373241_A.wav,5.14275
b,murmur_noisymurmur_156_1306936373241_B1.wav,murmur,noisymurmur,B,,/home/agiuser/FypProj/data/raw/DataSet1/set_b/murmur_noisymurmur_156_1306936373241_B1.wav,6.36375
b,murmur_noisymurmur_160_1307100683334_D.wav,murmur,noisymurmur,B,,/home/agiuser/FypProj/data/raw/DataSet1/set_b/murmur_noisymurmur_160_1307100683334_D.wav,7.15925
b,murmur_noisymurmur_161_1307101199321_B.wav,murmur,noisymurmur,B,,/home/agiuser/FypProj/data/raw/DataSet1/set_b/murmur_noisymurmur_161_1307101199321_B.wav,11.33525
b,murmur_noisymurmur_161_1307101199321_C.wav,murmur,noisymurmur,B,,/home/agiuser/FypProj/data/raw/DataSet1/set_b/murmur_noisymurmur_161_1307101199321_C.wav,12.358
b,murmur_noisymurmur_162_1307101835989_B_1.wav,murmur,noisymurmur,B,,/home/agiuser/FypProj/data/raw/DataSet1/set_b/murmur_noisymurmur_162_1307101835989_B_1.wav,8.5055
b,murmur_noisymurmur_162_1307101835989_D.wav,murmur,noisymurmur,B,,/home/agiuser/FypProj/data/raw/DataSet1/set_b/murmur_noisymurmur_162_1307101835989_D.wav,7.8835
b,murmur_noisymurmur_164_1307106095995_C1.wav,murmur,noisymurmur,B,,/home/agiuser/FypProj/data/raw/DataSet1/set_b/murmur_noisymurmur_164_1307106095995_C1.wav,3.932
b,murmur_noisymurmur_165_1307109069581_A.wav,murmur,noisymurmur,B,,/home/agiuser/FypProj/data/raw/DataSet1/set_b/murmur_noisymurmur_165_1307109069581_A.wav,11.29275
b,murmur_noisymurmur_165_1307109069581_C1.wav,murmur,noisymurmur,B,,/home/agiuser/FypProj/data/raw/DataSet1/set_b/murmur_noisymurmur_165_1307109069581_C1.wav,3.57475
b,murmur_noisymurmur_165_1307109069581_D.wav,murmur,noisymurmur,B,,/home/agiuser/FypProj/data/raw/DataSet1/set_b/murmur_noisymurmur_165_1307109069581_D.wav,10.3765
b,murmur_noisymurmur_171_1307971016233_D.wav,murmur,noisymurmur,B,,/home/agiuser/FypProj/data/raw/DataSet1/set_b/murmur_noisymurmur_171_1307971016233_D.wav,1.3405
b,murmur_noisymurmur_171_1307971016233_F.wav,murmur,noisymurmur,B,,/home/agiuser/FypProj/data/raw/DataSet1/set_b/murmur_noisymurmur_171_1307971016233_F.wav,2.699
b,murmur_noisymurmur_185_1308073325396_D.wav,murmur,noisymurmur,B,,/home/agiuser/FypProj/data/raw/DataSet1/set_b/murmur_noisymurmur_185_1308073325396_D.wav,6.3495
b,murmur_noisymurmur_200_1308144251434_D.wav,murmur,noisymurmur,B,,/home/agiuser/FypProj/data/raw/DataSet1/set_b/murmur_noisymurmur_200_1308144251434_D.wav,7.53175
b,murmur_noisymurmur_231_1308748318393_A.wav,murmur,noisymurmur,B,,/home/agiuser/FypProj/data/raw/DataSet1/set_b/murmur_noisymurmur_231_1308748318393_A.wav,3.262
b,murmur_noisymurmur_240_1309201366049_C.wav,murmur,noisymurmur,B,,/home/agiuser/FypProj/data/raw/DataSet1/set_b/murmur_noisymurmur_240_1309201366049_C.wav,9.77075
b,murmur_noisymurmur_240_1309201366049_D.wav,murmur,noisymurmur,B,,/home/agiuser/FypProj/data/raw/DataSet1/set_b/murmur_noisymurmur_240_1309201366049_D.wav,16.92675
b,murmur_noisymurmur_243_1309197760898_B.wav,murmur,noisymurmur,B,,/home/agiuser/FypProj/data/raw/DataSet1/set_b/murmur_noisymurmur_243_1309197760898_B.wav,12.936
b,murmur_noisymurmur_243_1309197760898_C.wav,murmur,noisymurmur,B,,/home/agiuser/FypProj/data/raw/DataSet1/set_b/murmur_noisymurmur_243_1309197760898_C.wav,8.87625
b,murmur_noisymurmur_272_1309370164386_C.wav,murmur,noisymurmur,B,,/home/agiuser/FypProj/data/raw/DataSet1/set_b/murmur_noisymurmur_272_1309370164386_C.wav,3.398
b,murmur_noisymurmur_288_1311164615284_B1.wav,murmur,noisymurmur,B,,/home/agiuser/FypProj/data/raw/DataSet1/set_b/murmur_noisymurmur_288_1311164615284_B1.wav,7.6925
b,murmur_noisymurmur_288_1311164615284_C.wav,murmur,noisymurmur,B,,/home/agiuser/FypProj/data/raw/DataSet1/set_b/murmur_noisymurmur_288_1311164615284_C.wav,12.11
b,murmur_noisymurmur_292_1311185449649_D.wav,murmur,noisymurmur,B,,/home/agiuser/FypProj/data/raw/DataSet1/set_b/murmur_noisymurmur_292_1311185449649_D.wav,2.906
b,murmur_noisymurmur_293_1311680805936_C.wav,murmur,noisymurmur,B,,/home/agiuser/FypProj/data/raw/DataSet1/set_b/murmur_noisymurmur_293_1311680805936_C.wav,10.39
b,murmur_noisymurmur_293_1311680805936_D.wav,murmur,noisymurmur,B,,/home/agiuser/FypProj/data/raw/DataSet1/set_b/murmur_noisymurmur_293_1311680805936_D.wav,11.83475
b,normal_noisynormal_101_1305030823364_B.wav,normal,noisynormal,B,,/home/agiuser/FypProj/data/raw/DataSet1/set_b/normal_noisynormal_101_1305030823364_B.wav,8.80725
b,normal_noisynormal_101_1305030823364_E.wav,normal,noisynormal,B,,/home/agiuser/FypProj/data/raw/DataSet1/set_b/normal_noisynormal_101_1305030823364_E.wav,4.6805
b,normal_noisynormal_104_1305032492469_A.wav,normal,noisynormal,B,,/home/agiuser/FypProj/data/raw/DataSet1/set_b/normal_noisynormal_104_1305032492469_A.wav,10.66525
b,normal_noisynormal_105_1305033453095_A.wav,normal,noisynormal,B,,/home/agiuser/FypProj/data/raw/DataSet1/set_b/normal_noisynormal_105_1305033453095_A.wav,10.39
b,normal_noisynormal_105_1305033453095_C.wav,normal,noisynormal,B,,/home/agiuser/FypProj/data/raw/DataSet1/set_b/normal_noisynormal_105_1305033453095_C.wav,8.87625
b,normal_noisynormal_106_1306776721273_A.wav,normal,noisynormal,B,,/home/agiuser/FypProj/data/raw/DataSet1/set_b/normal_noisynormal_106_1306776721273_A.wav,8.9965
b,normal_noisynormal_107_1305654946865_A.wav,normal,noisynormal,B,,/home/agiuser/FypProj/data/raw/DataSet1/set_b/normal_noisynormal_107_1305654946865_A.wav,6.53675
b,normal_noisynormal_108_1305654420093_A.wav,normal,noisynormal,B,,/home/agiuser/FypProj/data/raw/DataSet1/set_b/normal_noisynormal_108_1305654420093_A.wav,8.601
b,normal_noisynormal_108_1305654420093_B.wav,normal,noisynormal,B,,/home/agiuser/FypProj/data/raw/DataSet1/set_b/normal_noisynormal_108_1305654420093_B.wav,18.09625
b,normal_noisynormal_109_1305653646620_A.wav,normal,noisynormal,B,,/home/agiuser/FypProj/data/raw/DataSet1/set_b/normal_noisynormal_109_1305653646620_A.wav,12.52275
b,normal_noisynormal_109_1305653972028_A.wav,normal,noisynormal,B,,/home/agiuser/FypProj/data/raw/DataSet1/set_b/normal_noisynormal_109_1305653972028_A.wav,4.54125
b,normal_noisynormal_109_1305653972028_C.wav,normal,noisynormal,B,,/home/agiuser/FypProj/data/raw/DataSet1/set_b/normal_noisynormal_109_1305653972028_C.wav,5.64225
b,normal_noisynormal_109_1305653972028_E.wav,normal,noisynormal,B,,/home/agiuser/FypProj/data/raw/DataSet1/set_b/normal_noisynormal_109_1305653972028_E.wav,7.91275
b,normal_noisynormal_109_1305653972028_F.wav,normal,noisynormal,B,,/home/agiuser/FypProj/data/raw/DataSet1/set_b/normal_noisynormal_109_1305653972028_F.wav,10.25225
b,normal_noisynormal_110_1305655332337_A.wav,normal,noisynormal,B,,/home/agiuser/FypProj/data/raw/DataSet1/set_b/normal_noisynormal_110_1305655332337_A.wav,9.01375
b,normal_noisynormal_110_1305655332337_B.wav,normal,noisynormal,B,,/home/agiuser/FypProj/data/raw/DataSet1/set_b/normal_noisynormal_110_1305655332337_B.wav,8.532
b,normal_noisynormal_113_1306244002866_A.wav,normal,noisynormal,B,,/home/agiuser/FypProj/data/raw/DataSet1/set_b/normal_noisynormal_113_1306244002866_A.wav,7.43875
b,normal_noisynormal_113_1306244002866_B.wav,normal,noisynormal,B,,/home/agiuser/FypProj/data/raw/DataSet1/set_b/normal_noisynormal_113_1306244002866_B.wav,8.3945
b,normal_noisynormal_115_1306259437619_A1.wav,normal,noisynormal,B,,/home/agiuser/FypProj/data/raw/DataSet1/set_b/normal_noisynormal_115_1306259437619_A1.wav,6.48175
b,normal_noisynormal_115_1306259437619_B.wav,normal,noisynormal,B,,/home/agiuser/FypProj/data/raw/DataSet1/set_b/normal_noisynormal_115_1306259437619_B.wav,9.08275
b,normal_noisynormal_117_1306262456650_A.wav,normal,noisynormal,B,,/home/agiuser/FypProj/data/raw/DataSet1/set_b/normal_noisynormal_117_1306262456650_A.wav,15.3095
b,normal_noisynormal_117_1306262456650_C.wav,normal,noisynormal,B,,/home/agiuser/FypProj/data/raw/DataSet1/set_b/normal_noisynormal_117_1306262456650_C.wav,10.39
b,normal_noisynormal_117_1306262456650_D.wav,normal,noisynormal,B,,/home/agiuser/FypProj/data/raw/DataSet1/set_b/normal_noisynormal_117_1306262456650_D.wav,10.6135
b,normal_noisynormal_118_1306262335509_B.wav,normal,noisynormal,B,,/home/agiuser/FypProj/data/raw/DataSet1/set_b/normal_noisynormal_118_1306262335509_B.wav,8.532
b,normal_noisynormal_118_1306262335509_C1.wav,normal,noisynormal,B,,/home/agiuser/FypProj/data/raw/DataSet1/set_b/normal_noisynormal_118_1306262335509_C1.wav,4.50625
b,normal_noisynormal_118_1306262335509_D.wav,normal,noisynormal,B,,/home/agiuser/FypProj/data/raw/DataSet1/set_b/normal_noisynormal_118_1306262335509_D.wav,14.00225
b,normal_noisynormal_121_1306263877235_A.wav,normal,noisynormal,B,,/home/agiuser/FypProj/data/raw/DataSet1/set_b/normal_noisynormal_121_1306263877235_A.wav,14.24325
b,normal_noisynormal_121_1306263877235_C.wav,normal,noisynormal,B,,/home/agiuser/FypProj/data/raw/DataSet1/set_b/normal_noisynormal_121_1306263877235_C.wav,11.90375
b,normal_noisynormal_121_1306263877235_D.wav,normal,noisynormal,B,,/home/agiuser/FypProj/data/raw/DataSet1/set_b/normal_noisynormal_121_1306263877235_D.wav,9.633
b,normal_noisynormal_123_1306331925797_B.wav,normal,noisynormal,B,,/home/agiuser/FypProj/data/raw/DataSet1/set_b/normal_noisynormal_123_1306331925797_B.wav,13.27975
b,normal_noisynormal_123_1306331925797_C.wav,normal,noisynormal,B,,/home/agiuser/FypProj/data/raw/DataSet1/set_b/normal_noisynormal_123_1306331925797_C.wav,8.25675
b,normal_noisynormal_125_1306332456645_A1.wav,normal,noisynormal,B,,/home/agiuser/FypProj/data/raw/DataSet1/set_b/normal_noisynormal_125_1306332456645_A1.wav,2.804
b,normal_noisynormal_125_1306332456645_A2.wav,normal,noisynormal,B,,/home/agiuser/FypProj/data/raw/DataSet1/set_b/normal_noisynormal_125_1306332456645_A2.wav,5.8835
b,normal_noisynormal_125_1306332456645_B1.wav,normal,noisynormal,B,,/home/agiuser/FypProj/data/raw/DataSet1/set_b/normal_noisynormal_125_1306332456645_B1.wav,6.8755
b,normal_noisynormal_125_1306332456645_C.wav,normal,noisynormal,B,,/home/agiuser/FypProj/data/raw/DataSet1/set_b/normal_noisynormal_125_1306332456645_C.wav,11.21575
b,normal_noisynormal_125_1306332456645_D.wav,normal,noisynormal,B,,/home/agiuser/FypProj/data/raw/DataSet1/set_b/normal_noisynormal_125_1306332456645_D.wav,4.36925
b,normal_noisynormal_127_1306764300147_D1.wav,normal,noisynormal,B,,/home/agiuser/FypProj/data/raw/DataSet1/set_b/normal_noisynormal_127_1306764300147_D1.wav,10.942
b,normal_noisynormal_129_1306344506305_A.wav,normal,noisynormal,B,,/home/agiuser/FypProj/data/raw/DataSet1/set_b/normal_noisynormal_129_1306344506305_A.wav,8.51675
b,normal_noisynormal_129_1306344506305_C.wav,normal,noisynormal,B,,/home/agiuser/FypProj/data/raw/DataSet1/set_b/normal_noisynormal_129_1306344506305_C.wav,9.702
b,normal_noisynormal_130_1306347376079_B.wav,normal,noisynormal,B,,/home/agiuser/FypProj/data/raw/DataSet1/set_b/normal_noisynormal_130_1306347376079_B.wav,10.04575
b,normal_noisynormal_130_1306347376079_C.wav,normal,noisynormal,B,,/home/agiuser/FypProj/data/raw/DataSet1/set_b/normal_noisynormal_130_1306347376079_C.wav,13.624
b,normal_noisynormal_132_1306758754432_B1.wav,normal,noisynormal,B,,/home/agiuser/FypProj/data/raw/DataSet1/set_b/normal_noisynormal_132_1306758754432_B1.wav,5.10025
b,normal_noisynormal_132_1306758754432_C.wav,normal,noisynormal,B,,/home/agiuser/FypProj/data/raw/DataSet1/set_b/normal_noisynormal_132_1306758754432_C.wav,7.88
b,normal_noisynormal_133_1306759619127_A1.wav,normal,noisynormal,B,,/home/agiuser/FypProj/data/raw/DataSet1/set_b/normal_noisynormal_133_1306759619127_A1.wav,9.31475
b,normal_noisynormal_133_1306759619127_B1.wav,normal,noisynormal,B,,/home/agiuser/FypProj/data/raw/DataSet1/set_b/normal_noisynormal_133_1306759619127_B1.wav,5.54675
b,normal_noisynormal_133_1306759619127_C.wav,normal,noisynormal,B,,/home/agiuser/FypProj/data/raw/DataSet1/set_b/normal_noisynormal_133_1306759619127_C.wav,10.94025
b,normal_noisynormal_133_1306759619127_D1.wav,normal,noisynormal,B,,/home/agiuser/FypProj/data/raw/DataSet1/set_b/normal_noisynormal_133_1306759619127_D1.wav,3.35
b,normal_noisynormal_134_1306428161797_B1.wav,normal,noisynormal,B,,/home/agiuser/FypProj/data/raw/DataSet1/set_b/normal_noisynormal_134_1306428161797_B1.wav,6.3335
b,normal_noisynormal_134_1306428161797_D1.wav,normal,noisynormal,B,,/home/agiuser/FypProj/data/raw/DataSet1/set_b/normal_noisynormal_134_1306428161797_D1.wav,7.2045
b,normal_noisynormal_136_1306429977501_B.wav,normal,noisynormal,B,,/home/agiuser/FypProj/data/raw/DataSet1/set_b/normal_noisynormal_136_1306429977501_B.wav,5.71025
b,normal_noisynormal_136_1306429977501_C.wav,normal,noisynormal,B,,/home/agiuser/FypProj/data/raw/DataSet1/set_b/normal_noisynormal_136_1306429977501_C.wav,5.12025
b,normal_noisynormal_136_1306429977501_D1.wav,normal,noisynormal,B,,/home/agiuser/FypProj/data/raw/DataSet1/set_b/normal_noisynormal_136_1306429977501_D1.wav,15.51825
b,normal_noisynormal_137_1306764999211_A1.wav,normal,noisynormal,B,,/home/agiuser/FypProj/data/raw/DataSet1/set_b/normal_noisynormal_137_1306764999211_A1.wav,3.9035
b,normal_noisynormal_137_1306764999211_A2.wav,normal,noisynormal,B,,/home/agiuser/FypProj/data/raw/DataSet1/set_b/normal_noisynormal_137_1306764999211_A2.wav,3.5255
b,normal_noisynormal_137_1306764999211_B.wav,normal,noisynormal,B,,/home/agiuser/FypProj/data/raw/DataSet1/set_b/normal_noisynormal_137_1306764999211_B.wav,1.6335
b,normal_noisynormal_137_1306764999211_C1.wav,normal,noisynormal,B,,/home/agiuser/FypProj/data/raw/DataSet1/set_b/normal_noisynormal_137_1306764999211_C1.wav,1.822
b,normal_noisynormal_137_1306764999211_D1.wav,normal,noisynormal,B,,/home/agiuser/FypProj/data/raw/DataSet1/set_b/normal_noisynormal_137_1306764999211_D1.wav,9.85775
b,normal_noisynormal_138_1306762146980_A.wav,normal,noisynormal,B,,/home/agiuser/FypProj/data/raw/DataSet1/set_b/normal_noisynormal_138_1306762146980_A.wav,12.571
b,normal_noisynormal_138_1306762146980_D.wav,normal,noisynormal,B,,/home/agiuser/FypProj/data/raw/DataSet1/set_b/normal_noisynormal_138_1306762146980_D.wav,5.71025
b,normal_noisynormal_139_1306519274653_D.wav,normal,noisynormal,B,,/home/agiuser/FypProj/data/raw/DataSet1/set_b/normal_noisynormal_139_1306519274653_D.wav,15.3195
b,normal_noisynormal_140_1306519735121_C.wav,normal,noisynormal,B,,/home/agiuser/FypProj/data/raw/DataSet1/set_b/normal_noisynormal_140_1306519735121_C.wav,10.909
b,normal_noisynormal_141_1306520154450_A1.wav,normal,noisynormal,B,,/home/agiuser/FypProj/data/raw/DataSet1/set_b/normal_noisynormal_141_1306520154450_A1.wav,5.50025
b,normal_noisynormal_141_1306520154450_B1.wav,normal,noisynormal,B,,/home/agiuser/FypProj/data/raw/DataSet1/set_b/normal_noisynormal_141_1306520154450_B1.wav,3.00525
b,normal_noisynormal_141_1306520154450_C1.wav,normal,noisynormal,B,,/home/agiuser/FypProj/data/raw/DataSet1/set_b/normal_noisynormal_141_1306520154450_C1.wav,5.0895
b,normal_noisynormal_142_1306763049574_A.wav,normal,noisynormal,B,,/home/agiuser/FypProj/data/raw/DataSet1/set_b/normal_noisynormal_142_1306763049574_A.wav,15.12775
b,normal_noisynormal_142_1306763049574_B.wav,normal,noisynormal,B,,/home/agiuser/FypProj/data/raw/DataSet1/set_b/normal_noisynormal_142_1306763049574_B.wav,11.591
b,normal_noisynormal_142_1306763049574_D.wav,normal,noisynormal,B,,/home/agiuser/FypProj/data/raw/DataSet1/set_b/normal_noisynormal_142_1306763049574_D.wav,4.304
b,normal_noisynormal_143_1306763822290_A.wav,normal,noisynormal,B,,/home/agiuser/FypProj/data/raw/DataSet1/set_b/normal_noisynormal_143_1306763822290_A.wav,13.03975
b,normal_noisynormal_144_1306522408528_A1.wav,normal,noisynormal,B,,/home/agiuser/FypProj/data/raw/DataSet1/set_b/normal_noisynormal_144_1306522408528_A1.wav,4.341
b,normal_noisynormal_144_1306522408528_C.wav,normal,noisynormal,B,,/home/agiuser/FypProj/data/raw/DataSet1/set_b/normal_noisynormal_144_1306522408528_C.wav,9.88625
b,normal_noisynormal_146_1306778707532_D.wav,normal,noisynormal,B,,/home/agiuser/FypProj/data/raw/DataSet1/set_b/normal_noisynormal_146_1306778707532_D.wav,21.97
b,normal_noisynormal_147_1306523973811_B.wav,normal,noisynormal,B,,/home/agiuser/FypProj/data/raw/DataSet1/set_b/normal_noisynormal_147_1306523973811_B.wav,12.99725
b,normal_noisynormal_149_1306776016110_A.wav,normal,noisynormal,B,,/home/agiuser/FypProj/data/raw/DataSet1/set_b/normal_noisynormal_149_1306776016110_A.wav,18.23875
b,normal_noisynormal_150_1306776340746_A.wav,normal,noisynormal,B,,/home/agiuser/FypProj/data/raw/DataSet1/set_b/normal_noisynormal_150_1306776340746_A.wav,9.84375
b,normal_noisynormal_151_1306779785624_C.wav,normal,noisynormal,B,,/home/agiuser/FypProj/data/raw/DataSet1/set_b/normal_noisynormal_151_1306779785624_C.wav,14.91475
b,normal_noisynormal_154_1306935608852_C.wav,normal,noisynormal,B,,/home/agiuser/FypProj/data/raw/DataSet1/set_b/normal_noisynormal_154_1306935608852_C.wav,4.64825
b,normal_noisynormal_155_1306935902813_A.wav,normal,noisynormal,B,,/home/agiuser/FypProj/data/raw/DataSet1/set_b/normal_noisynormal_155_1306935902813_A.wav,13.1675
b,normal_noisynormal_155_1306935902813_C.wav,normal,noisynormal,B,,/home/agiuser/FypProj/data/raw/DataSet1/set_b/normal_noisynormal_155_1306935902813_C.wav,8.01125
b,normal_noisynormal_157_1306937583792_A.wav,normal,noisynormal,B,,/home/agiuser/FypProj/data/raw/DataSet1/set_b/normal_noisynormal_157_1306937583792_A.wav,10.52575
b,normal_noisynormal_157_1306937583792_B.wav,normal,noisynormal,B,,/home/agiuser/FypProj/data/raw/DataSet1/set_b/normal_noisynormal_157_1306937583792_B.wav,17.00275
b,normal_noisynormal_158_1306947254705_B1.wav,normal,noisynormal,B,,/home/agiuser/FypProj/data/raw/DataSet1/set_b/normal_noisynormal_158_1306947254705_B1.wav,2.23175
b,normal_noisynormal_158_1306947254705_D.wav,normal,noisynormal,B,,/home/agiuser/FypProj/data/raw/DataSet1/set_b/normal_noisynormal_158_1306947254705_D.wav,12.208
b,normal_noisynormal_159_1307018640315_A1.wav,normal,noisynormal,B,,/home/agiuser/FypProj/data/raw/DataSet1/set_b/normal_noisynormal_159_1307018640315_A1.wav,4.06125
b,normal_noisynormal_159_1307018640315_B.wav,normal,noisynormal,B,,/home/agiuser/FypProj/data/raw/DataSet1/set_b/normal_noisynormal_159_1307018640315_B.wav,4.38925
b,normal_noisynormal_163_1307104470471_D1.wav,normal,noisynormal,B,,/home/agiuser/FypProj/data/raw/DataSet1/set_b/normal_noisynormal_163_1307104470471_D1.wav,2.34675
b,normal_noisynormal_167_1307111318050_A1.wav,normal,noisynormal,B,,/home/agiuser/FypProj/data/raw/DataSet1/set_b/normal_noisynormal_167_1307111318050_A1.wav,4.89175
b,normal_noisynormal_167_1307111318050_B.wav,normal,noisynormal,B,,/home/agiuser/FypProj/data/raw/DataSet1/set_b/normal_noisynormal_167_1307111318050_B.wav,11.25
b,normal_noisynormal_168_1307970069434_A1.wav,normal,noisynormal,B,,/home/agiuser/FypProj/data/raw/DataSet1/set_b/normal_noisynormal_168_1307970069434_A1.wav,5.37
b,normal_noisynormal_169_1307970398039_A.wav,normal,noisynormal,B,,/home/agiuser/FypProj/data/raw/DataSet1/set_b/normal_noisynormal_169_1307970398039_A.wav,4.091
b,normal_noisynormal_170_1307970562729_C1.wav,normal,noisynormal,B,,/home/agiuser/FypProj/data/raw/DataSet1/set_b/normal_noisynormal_170_1307970562729_C1.wav,2.32875
b,normal_noisynormal_172_1307971284351_A.wav,normal,noisynormal,B,,/home/agiuser/FypProj/data/raw/DataSet1/set_b/normal_noisynormal_172_1307971284351_A.wav,9.162
b,normal_noisynormal_173_1307973611151_B.wav,normal,noisynormal,B,,/home/agiuser/FypProj/data/raw/DataSet1/set_b/normal_noisynormal_173_1307973611151_B.wav,1.9445
b,normal_noisynormal_173_1307973611151_C1.wav,normal,noisynormal,B,,/home/agiuser/FypProj/data/raw/DataSet1/set_b/normal_noisynormal_173_1307973611151_C1.wav,3.2035
b,normal_noisynormal_176_1307988171173_D.wav,normal,noisynormal,B,,/home/agiuser/FypProj/data/raw/DataSet1/set_b/normal_noisynormal_176_1307988171173_D.wav,3.32375
b,normal_noisynormal_178_1307989887769_B1.wav,normal,noisynormal,B,,/home/agiuser/FypProj/data/raw/DataSet1/set_b/normal_noisynormal_178_1307989887769_B1.wav,1.67225
b,normal_noisynormal_181_1308052613891_A.wav,normal,noisynormal,B,,/home/agiuser/FypProj/data/raw/DataSet1/set_b/normal_noisynormal_181_1308052613891_A.wav,10.1845
b,normal_noisynormal_182_1308053371395_B.wav,normal,noisynormal,B,,/home/agiuser/FypProj/data/raw/DataSet1/set_b/normal_noisynormal_182_1308053371395_B.wav,22.2015
b,normal_noisynormal_188_1308074301731_A.wav,normal,noisynormal,B,,/home/agiuser/FypProj/data/raw/DataSet1/set_b/normal_noisynormal_188_1308074301731_A.wav,12.017
b,normal_noisynormal_189_1308075231945_A1.wav,normal,noisynormal,B,,/home/agiuser/FypProj/data/raw/DataSet1/set_b/normal_noisynormal_189_1308075231945_A1.wav,2.61225
b,normal_noisynormal_194_1308139824187_C.wav,normal,noisynormal,B,,/home/agiuser/FypProj/data/raw/DataSet1/set_b/normal_noisynormal_194_1308139824187_C.wav,2.17875
b,normal_noisynormal_198_1308141739338_D.wav,normal,noisynormal,B,,/home/agiuser/FypProj/data/raw/DataSet1/set_b/normal_noisynormal_198_1308141739338_D.wav,4.6875
b,normal_noisynormal_207_1308159792607_D.wav,normal,noisynormal,B,,/home/agiuser/FypProj/data/raw/DataSet1/set_b/normal_noisynormal_207_1308159792607_D.wav,13.46575
b,normal_noisynormal_216_1308245839516_D.wav,normal,noisynormal,B,,/home/agiuser/FypProj/data/raw/DataSet1/set_b/normal_noisynormal_216_1308245839516_D.wav,16.5555
b,normal_noisynormal_234_1308748855534_B.wav,normal,noisynormal,B,,/home/agiuser/FypProj/data/raw/DataSet1/set_b/normal_noisynormal_234_1308748855534_B.wav,1.87525
b,normal_noisynormal_246_1309199278902_D.wav,normal,noisynormal,B,,/home/agiuser/FypProj/data/raw/DataSet1/set_b/normal_noisynormal_246_1309199278902_D.wav,23.532
b,normal_noisynormal_258_1309352253234_A.wav,normal,noisynormal,B,,/home/agiuser/FypProj/data/raw/DataSet1/set_b/normal_noisynormal_258_1309352253234_A.wav,27.867
b,normal_noisynormal_264_1309356143724_B.wav,normal,noisynormal,B,,/home/agiuser/FypProj/data/raw/DataSet1/set_b/normal_noisynormal_264_1309356143724_B.wav,14.72475
b,normal_noisynormal_264_1309356143724_C.wav,normal,noisynormal,B,,/home/agiuser/FypProj/data/raw/DataSet1/set_b/normal_noisynormal_264_1309356143724_C.wav,13.34875
b,normal_noisynormal_264_1309356143724_D.wav,normal,noisynormal,B,,/home/agiuser/FypProj/data/raw/DataSet1/set_b/normal_noisynormal_264_1309356143724_D.wav,12.351
b,normal_noisynormal_270_1309369533040_A.wav,normal,noisynormal,B,,/home/agiuser/FypProj/data/raw/DataSet1/set_b/normal_noisynormal_270_1309369533040_A.wav,10.66525
b,normal_noisynormal_270_1309369533040_B.wav,normal,noisynormal,B,,/home/agiuser/FypProj/data/raw/DataSet1/set_b/normal_noisynormal_270_1309369533040_B.wav,12.11
b,normal_noisynormal_271_1309369876160_A.wav,normal,noisynormal,B,,/home/agiuser/FypProj/data/raw/DataSet1/set_b/normal_noisynormal_271_1309369876160_A.wav,14.51825
b,normal_noisynormal_271_1309369876160_C.wav,normal,noisynormal,B,,/home/agiuser/FypProj/data/raw/DataSet1/set_b/normal_noisynormal_271_1309369876160_C.wav,10.80275
b,normal_noisynormal_271_1309369876160_D.wav,normal,noisynormal,B,,/home/agiuser/FypProj/data/raw/DataSet1/set_b/normal_noisynormal_271_1309369876160_D.wav,12.55725
b,normal_noisynormal_278_1311163365896_B.wav,normal,noisynormal,B,,/home/agiuser/FypProj/data/raw/DataSet1/set_b/normal_noisynormal_278_1311163365896_B.wav,12.59175
b,normal_noisynormal_284_1311168471850_A.wav,normal,noisynormal,B,,/home/agiuser/FypProj/data/raw/DataSet1/set_b/normal_noisynormal_284_1311168471850_A.wav,12.11
b,normal_noisynormal_284_1311168471850_B.wav,normal,noisynormal,B,,/home/agiuser/FypProj/data/raw/DataSet1/set_b/normal_noisynormal_284_1311168471850_B.wav,12.04125
b,normal_noisynormal_285_1311169246969_C.wav,normal,noisynormal,B,,/home/agiuser/FypProj/data/raw/DataSet1/set_b/normal_noisynormal_285_1311169246969_C.wav,4.81125
b,normal_noisynormal_296_1311682952647_C.wav,normal,noisynormal,B,,/home/agiuser/FypProj/data/raw/DataSet1/set_b/normal_noisynormal_296_1311682952647_C.wav,13.14225
b,normal_noisynormal_296_1311682952647_D.wav,normal,noisynormal,B,,/home/agiuser/FypProj/data/raw/DataSet1/set_b/normal_noisynormal_296_1311682952647_D.wav,10.1835
